quarter_end,kmeans_on_sorting_ranks,ward_on_sorting_ranks,hierarchical_on_residual_correlations
2019-03-29,0.658435,0.590676,0.189125
2019-06-28,0.61462,0.460135,0.201949
2019-09-30,0.729262,0.375739,0.219338
2019-12-31,0.912817,0.638748,0.138594
2020-03-31,0.828405,0.532678,0.242646
2020-06-30,0.885245,0.461267,0.249659
2020-09-30,0.691079,0.460542,0.239308
2020-12-31,0.47691,0.466775,0.122958
2021-03-31,0.695936,0.609808,0.247425
2021-06-30,0.684469,0.523516,0.265803
2021-09-30,0.773779,0.62527,0.239766
2021-12-31,0.942148,0.541133,0.101358
2022-03-31,0.612529,0.497262,0.0402629
2022-06-30,0.729364,0.47307,0.0947457
2022-09-30,0.563194,0.413673,0.248699
2022-12-30,0.655817,0.52926,0.224366
2023-03-31,0.819746,0.607127,0.0850334
2023-06-30,0.649297,0.438713,0.119879
2023-09-29,0.692159,0.591987,0.220539
2023-12-29,0.573237,0.780664,0.197405
2024-03-28,0.561128,0.705451,0.332436
2024-06-28,0.635495,0.618616,0.221846
2024-09-30,0.749558,0.622643,0.132069
2024-12-31,0.767829,0.753719,0.117211
2025-03-31,0.837053,0.833266,0.079331
2025-06-30,0.752117,0.468334,0.145411
2025-09-30,0.712286,0.4719,0.134906
2025-12-31,0.806769,0.542557,0.167959
2026-03-31,0.60614,0.643859,0.104425
2026-06-30,0.672885,0.734012,0.0663209
2026-09-30,0.617241,0.671912,0.0161122
