ticker,first_date,last_date,n_prices,gaps_after_start,full_history,zero_return_days,min_daily_return,max_daily_return
AAPL,2018-01-02,2026-09-30,2198,0,True,4,-0.137708,0.142617
ABBV,2018-01-02,2026-09-30,2198,0,True,6,-0.177363,0.128985
ABT,2018-01-02,2026-09-30,2198,0,True,6,-0.105793,0.103784
ACN,2018-01-02,2026-09-30,2198,0,True,4,-0.198046,0.120954
ADBE,2018-01-02,2026-09-30,2198,0,True,2,-0.183841,0.163133
AMAT,2018-01-02,2026-09-30,2198,0,True,3,-0.227624,0.149331
AMD,2018-01-02,2026-09-30,2198,0,True,7,-0.190125,0.213663
AMGN,2018-01-02,2026-09-30,2198,0,True,2,-0.106217,0.111702
AMT,2018-01-02,2026-09-30,2198,0,True,4,-0.164448,0.115309
AMZN,2018-01-02,2026-09-30,2198,0,True,4,-0.151398,0.142546
ANET,2018-01-02,2026-09-30,2198,0,True,4,-0.277525,0.185551
AVGO,2018-01-02,2026-09-30,2198,0,True,1,-0.222056,0.218594
AXP,2018-01-02,2026-09-30,2198,0,True,2,-0.160389,0.197885
BA,2018-01-02,2026-09-30,2198,0,True,3,-0.272444,0.217677
BAC,2018-01-02,2026-09-30,2198,0,True,20,-0.167204,0.163786
BKNG,2018-01-02,2026-09-30,2198,0,True,2,-0.119205,0.171868
BLK,2018-01-02,2026-09-30,2198,0,True,2,-0.146814,0.126844
BMY,2018-01-02,2026-09-30,2198,0,True,16,-0.142303,0.108338
BNY,2018-01-02,2026-09-30,2198,0,True,10,-0.156694,0.145109
BRK-B,2018-01-02,2026-09-30,2198,0,True,3,-0.100838,0.10984
C,2018-01-02,2026-09-30,2198,0,True,10,-0.214414,0.165381
CAT,2018-01-02,2026-09-30,2198,0,True,0,-0.15411,0.110061
CMCSA,2018-01-02,2026-09-30,2198,0,True,22,-0.138057,0.118355
COF,2018-01-02,2026-09-30,2198,0,True,7,-0.272783,0.171887
COP,2018-01-02,2026-09-30,2198,0,True,7,-0.285552,0.224853
COST,2018-01-02,2026-09-30,2198,0,True,2,-0.132975,0.0949412
CRM,2018-01-02,2026-09-30,2198,0,True,2,-0.219863,0.231468
CSCO,2018-01-02,2026-09-30,2198,0,True,17,-0.147692,0.125833
CVS,2018-01-02,2026-09-30,2198,0,True,8,-0.184362,0.139288
CVX,2018-01-02,2026-09-30,2198,0,True,1,-0.250062,0.204903
DE,2018-01-02,2026-09-30,2198,0,True,4,-0.151663,0.125401
DELL,2018-01-02,2026-09-30,2198,0,True,7,-0.243847,0.28336
DHR,2018-01-02,2026-09-30,2198,0,True,1,-0.11641,0.0941957
DIS,2018-01-02,2026-09-30,2198,0,True,6,-0.141139,0.134639
DUK,2018-01-02,2026-09-30,2198,0,True,5,-0.122191,0.116011
EMR,2018-01-02,2026-09-30,2198,0,True,6,-0.210193,0.151296
FDX,2018-01-02,2026-09-30,2198,0,True,4,-0.240847,0.14434
GD,2018-01-02,2026-09-30,2198,0,True,3,-0.115706,0.0875303
GE,2018-01-02,2026-09-30,2198,0,True,22,-0.164394,0.137411
GEV,2024-03-27,2026-09-30,630,0,False,3,-0.242328,0.145178
GILD,2018-01-02,2026-09-30,2198,0,True,10,-0.107029,0.121511
GM,2018-01-02,2026-09-30,2198,0,True,12,-0.190227,0.181848
GOOG,2018-01-02,2026-09-30,2198,0,True,1,-0.117667,0.0993796
GOOGL,2018-01-02,2026-09-30,2198,0,True,2,-0.123685,0.0973478
GS,2018-01-02,2026-09-30,2198,0,True,1,-0.135881,0.161952
HD,2018-01-02,2026-09-30,2198,0,True,2,-0.22057,0.12884
IBM,2018-01-02,2026-09-30,2198,0,True,3,-0.290454,0.121901
INTC,2018-01-02,2026-09-30,2198,0,True,14,-0.301896,0.211879
INTU,2018-01-02,2026-09-30,2198,0,True,4,-0.223384,0.182989
ISRG,2018-01-02,2026-09-30,2198,0,True,2,-0.154739,0.160791
JNJ,2018-01-02,2026-09-30,2198,0,True,7,-0.105782,0.07694
JPM,2018-01-02,2026-09-30,2198,0,True,6,-0.162106,0.16562
KO,2018-01-02,2026-09-30,2198,0,True,17,-0.101728,0.0627829
LIN,2018-01-02,2026-09-30,2198,0,True,2,-0.108513,0.110599
LLY,2018-01-02,2026-09-30,2198,0,True,3,-0.152411,0.145655
LMT,2018-01-02,2026-09-30,2198,0,True,4,-0.136526,0.101906
LOW,2018-01-02,2026-09-30,2198,0,True,4,-0.284613,0.131132
LRCX,2018-01-02,2026-09-30,2198,0,True,5,-0.203681,0.184927
MA,2018-01-02,2026-09-30,2198,0,True,1,-0.136111,0.153673
MCD,2018-01-02,2026-09-30,2198,0,True,4,-0.172871,0.166577
MDLZ,2018-01-02,2026-09-30,2198,0,True,15,-0.121373,0.106886
MDT,2018-01-02,2026-09-30,2198,0,True,10,-0.137237,0.0970293
META,2018-01-02,2026-09-30,2198,0,True,4,-0.306391,0.209307
MMM,2018-01-02,2026-09-30,2198,0,True,9,-0.13863,0.206938
MO,2018-01-02,2026-09-30,2198,0,True,23,-0.10569,0.0955096
MRK,2018-01-02,2026-09-30,2198,0,True,14,-0.10384,0.118662
MS,2018-01-02,2026-09-30,2198,0,True,6,-0.169603,0.180403
MSFT,2018-01-02,2026-09-30,2198,0,True,5,-0.159453,0.144159
MU,2018-01-02,2026-09-30,2198,0,True,5,-0.220878,0.176401
NEE,2018-01-02,2026-09-30,2198,0,True,10,-0.144067,0.128309
NFLX,2018-01-02,2026-09-30,2198,0,True,2,-0.432578,0.155758
NOW,2018-01-02,2026-09-30,2198,0,True,0,-0.195349,0.143995
NVDA,2018-01-02,2026-09-30,2198,0,True,3,-0.207711,0.218088
ORCL,2018-01-02,2026-09-30,2198,0,True,5,-0.148394,0.307108
PANW,2018-01-02,2026-09-30,2198,0,True,3,-0.334649,0.170591
PEP,2018-01-02,2026-09-30,2198,0,True,6,-0.121358,0.121656
PFE,2018-01-02,2026-09-30,2198,0,True,29,-0.0805013,0.103054
PG,2018-01-02,2026-09-30,2198,0,True,8,-0.0914287,0.113409
PLTR,2020-09-30,2026-09-30,1507,0,False,12,-0.239629,0.26851
PM,2018-01-02,2026-09-30,2198,0,True,13,-0.169315,0.103894
QCOM,2018-01-02,2026-09-30,2198,0,True,1,-0.161875,0.208699
RTX,2018-01-02,2026-09-30,2198,0,True,15,-0.156379,0.146324
SBUX,2018-01-02,2026-09-30,2198,0,True,9,-0.176788,0.219111
SCHW,2018-01-02,2026-09-30,2198,0,True,9,-0.136611,0.175085
SNDK,2025-02-13,2026-09-30,409,0,False,0,-0.239548,0.251921
SO,2018-01-02,2026-09-30,2198,0,True,13,-0.125175,0.172049
T,2018-01-02,2026-09-30,2198,0,True,28,-0.109883,0.0955133
TMO,2018-01-02,2026-09-30,2198,0,True,0,-0.0964976,0.0995742
TMUS,2018-01-02,2026-09-30,2198,0,True,5,-0.11898,0.111387
TSLA,2018-01-02,2026-09-30,2198,0,True,1,-0.236518,0.204491
TXN,2018-01-02,2026-09-30,2198,0,True,5,-0.143176,0.177578
UBER,2019-05-10,2026-09-30,1858,0,False,10,-0.243713,0.323959
UNH,2018-01-02,2026-09-30,2198,0,True,2,-0.253341,0.120437
UNP,2018-01-02,2026-09-30,2198,0,True,2,-0.139658,0.122255
UPS,2018-01-02,2026-09-30,2198,0,True,8,-0.152134,0.13432
USB,2018-01-02,2026-09-30,2198,0,True,15,-0.155958,0.160144
V,2018-01-02,2026-09-30,2198,0,True,6,-0.145571,0.129647
VZ,2018-01-02,2026-09-30,2198,0,True,22,-0.0779377,0.11182
WFC,2018-01-02,2026-09-30,2198,0,True,13,-0.172779,0.135707
WMT,2018-01-02,2026-09-30,2198,0,True,5,-0.120765,0.110723
XOM,2018-01-02,2026-09-30,2198,0,True,5,-0.130391,0.119442
