ticker,beta_mkt,ai_beta,n_obs,momentum,basket,weight
SNDK,4.07986,2.28756,252,12.8035,AI_HI_MOM_HI,0.00530531
MU,3.31331,1.98242,252,4.85887,AI_HI_MOM_HI,0.0253253
INTC,2.92215,1.64461,252,1.596,AI_HI_MOM_HI,0.0122122
LRCX,3.19586,1.57949,252,1.30804,AI_HI_MOM_HI,0.00870871
AMAT,2.68403,1.50759,252,1.24897,AI_HI_MOM_HI,0.00860861
AMD,3.18752,1.44283,252,1.9172,AI_HI_MOM_HI,0.0205205
GEV,1.97534,0.775665,252,0.494896,AI_HI_MOM_HI,0.00540541
AVGO,2.15453,0.690492,252,0.135759,AI_HI_MOM_LO,0.0334334
TXN,1.46675,0.678586,252,0.460824,AI_HI_MOM_HI,0.00520521
CAT,1.72293,0.642713,252,0.706174,AI_HI_MOM_HI,0.00780781
ANET,2.03896,0.592119,252,0.36493,AI_HI_MOM_HI,0.0044044
DELL,2.23805,0.538114,252,2.449,AI_HI_MOM_HI,0.0033033
QCOM,2.1337,0.509365,252,0.0471154,AI_HI_MOM_LO,0.004004
NVDA,1.88436,0.430925,252,0.215626,M7,0.114114
ORCL,2.01772,0.181175,252,-0.466616,AI_HI_MOM_LO,0.0049049
CSCO,1.0506,0.177276,252,0.665355,AI_HI_MOM_HI,0.00870871
TSLA,2.2249,0.136105,252,-0.169807,M7,0.0204204
GS,1.59815,0.10981,252,0.294557,AI_HI_MOM_HI,0.00530531
EMR,1.54007,0.0702976,252,0.197944,AI_HI_MOM_HI,0.0018018
DE,0.475565,0.00427183,252,0.42455,AI_HI_MOM_HI,0.0034034
MS,1.39665,0.00323648,252,0.35366,AI_HI_MOM_HI,0.0046046
GE,1.24578,-0.0264906,252,0.147713,AI_HI_MOM_LO,0.00660661
NEE,0.186195,-0.0367684,252,0.111486,AI_HI_MOM_LO,0.0033033
XOM,-0.566884,-0.0635044,252,0.449963,AI_HI_MOM_HI,0.0137137
COP,-0.521154,-0.0709802,252,0.425842,AI_HI_MOM_HI,0.0031031
BNY,0.763254,-0.089135,252,0.496388,AI_HI_MOM_HI,0.002002
UPS,0.760718,-0.0981866,252,0.314514,AI_HI_MOM_HI,0.0014014
FDX,0.899838,-0.105285,252,0.739712,AI_HI_MOM_HI,0.0013013
MMM,0.742249,-0.107821,252,0.135786,AI_HI_MOM_LO,0.0017017
CVS,0.155944,-0.109292,252,0.282132,AI_HI_MOM_HI,0.0022022
CVX,-0.494919,-0.116733,252,0.3726,AI_HI_MOM_HI,0.00840841
C,1.34337,-0.117752,252,0.302873,AI_HI_MOM_HI,0.0043043
LIN,0.0729175,-0.123244,252,0.0379917,AI_HI_MOM_LO,0.0044044
SO,-0.228907,-0.123494,252,-0.0319908,AI_HI_MOM_LO,0.002002
DUK,-0.287956,-0.134498,252,0.0107351,AI_HI_MOM_LO,0.0018018
LMT,0.0287237,-0.140198,252,0.163041,AI_HI_MOM_HI,0.0021021
BA,1.23285,-0.147641,252,-0.0428414,AI_HI_MOM_LO,0.0031031
SBUX,0.546296,-0.16854,252,0.272319,AI_HI_MOM_HI,0.0022022
UNP,0.231244,-0.17115,252,0.299885,AI_HI_MOM_HI,0.0033033
UNH,0.418366,-0.178024,252,0.151088,AI_HI_MOM_HI,0.00670671
RTX,0.354721,-0.181718,252,0.288354,AI_HI_MOM_HI,0.00510511
JPM,0.79177,-0.182173,252,0.149327,AI_HI_MOM_HI,0.0181181
PANW,1.17656,-0.202773,252,0.873554,AI_HI_MOM_HI,0.00660661
BAC,0.726851,-0.212097,252,0.200671,AI_HI_MOM_HI,0.00710711
BLK,1.20111,-0.213002,252,-0.00108923,AI_HI_MOM_LO,0.0031031
AMGN,0.519881,-0.219829,252,0.612603,AI_HI_MOM_HI,0.0045045
GM,1.10923,-0.221489,252,0.421548,AI_HI_MOM_HI,0.0014014
BRK-B,0.0111292,-0.221604,252,0.00957436,AI_HI_MOM_LO,0.019019
ABBV,-0.101054,-0.222551,252,0.184688,AI_HI_MOM_HI,0.00940941
JNJ,-0.166914,-0.222666,252,0.496758,AI_LO_MOM_HI,0.0127127
PFE,0.327191,-0.227087,252,0.27698,AI_LO_MOM_HI,0.0033033
WMT,-0.0531755,-0.230219,252,0.0259308,AI_LO_MOM_LO,0.00950951
TMO,0.573039,-0.231248,252,0.339265,AI_LO_MOM_HI,0.0049049
MRK,0.202996,-0.234719,252,0.924234,AI_LO_MOM_HI,0.00720721
COST,-0.111776,-0.235384,252,0.0354764,AI_LO_MOM_LO,0.00830831
GD,0.407052,-0.244658,252,0.137674,AI_LO_MOM_LO,0.0017017
GILD,0.338799,-0.247367,252,0.32407,AI_LO_MOM_HI,0.0037037
KO,-0.244206,-0.249829,252,0.370188,AI_LO_MOM_HI,0.00680681
USB,0.731601,-0.253541,252,0.307095,AI_LO_MOM_HI,0.0018018
GOOG,1.32693,-0.255537,252,0.375296,M7,0.0325325
UBER,0.868917,-0.26396,252,-0.240233,AI_LO_MOM_LO,0.0028028
GOOGL,1.34499,-0.267056,252,0.393214,M7,0.0405405
WFC,0.750083,-0.272207,252,0.0428101,AI_LO_MOM_LO,0.00500501
MDLZ,-0.230929,-0.275799,252,0.0254854,AI_LO_MOM_LO,0.0015015
DHR,0.41561,-0.276185,252,0.15423,AI_LO_MOM_HI,0.0027027
AAPL,0.685453,-0.277059,252,0.249933,M7,0.0984985
AMZN,1.43407,-0.291214,252,0.16924,M7,0.0497497
META,1.4474,-0.296027,252,-0.228103,M7,0.0327327
HD,0.699046,-0.297539,252,-0.177366,AI_LO_MOM_LO,0.00570571
PEP,-0.237311,-0.300506,252,0.0307699,AI_LO_MOM_LO,0.0035035
PG,-0.0363772,-0.301178,252,-0.0269817,AI_LO_MOM_LO,0.00680681
LOW,0.626585,-0.309522,252,-0.175331,AI_LO_MOM_LO,0.0021021
BMY,0.24659,-0.314467,252,0.585884,AI_LO_MOM_HI,0.0026026
T,-0.33988,-0.317667,252,-0.0341702,AI_LO_MOM_LO,0.0034034
PM,-0.166973,-0.326426,252,0.190768,AI_LO_MOM_HI,0.00600601
MCD,0.0038718,-0.331152,252,-0.114127,AI_LO_MOM_LO,0.0033033
LLY,0.306562,-0.332072,252,0.602215,AI_LO_MOM_HI,0.0188188
MO,-0.497559,-0.333627,252,0.0958131,AI_LO_MOM_LO,0.0023023
VZ,-0.295485,-0.33497,252,0.235533,AI_LO_MOM_HI,0.0039039
AMT,-0.0721711,-0.343686,252,-0.0620035,AI_LO_MOM_LO,0.0015015
AXP,0.962289,-0.3438,252,-0.0251478,AI_LO_MOM_LO,0.0032032
SCHW,0.463263,-0.348624,252,0.147937,AI_LO_MOM_LO,0.0033033
DIS,0.650508,-0.359149,252,-0.0494219,AI_LO_MOM_LO,0.0036036
COF,1.32906,-0.376561,252,-0.0257419,AI_LO_MOM_LO,0.0024024
MDT,0.15487,-0.37894,252,-0.0114638,AI_LO_MOM_LO,0.0023023
TMUS,-0.342002,-0.385484,252,-0.225703,AI_LO_MOM_LO,0.0016016
V,0.293998,-0.386627,252,0.124189,AI_LO_MOM_LO,0.0125125
PLTR,1.90433,-0.387671,252,0.0420441,AI_LO_MOM_LO,0.00890891
MSFT,0.952953,-0.396268,252,-0.0060943,M7,0.0777778
ABT,0.0359,-0.405531,252,-0.151748,AI_LO_MOM_LO,0.0034034
MA,0.294533,-0.447795,252,0.0437256,AI_LO_MOM_LO,0.00910911
ISRG,0.94498,-0.458743,252,-0.141979,AI_LO_MOM_LO,0.0029029
NFLX,0.313625,-0.496332,252,-0.328172,AI_LO_MOM_LO,0.00580581
CMCSA,0.147537,-0.500044,252,-0.0543181,AI_LO_MOM_LO,0.0016016
BKNG,0.876177,-0.543312,252,-0.0814137,AI_LO_MOM_LO,0.0025025
IBM,0.899041,-0.590918,252,-0.142423,AI_LO_MOM_LO,0.0043043
CRM,0.458784,-0.703752,252,0.0578062,AI_LO_MOM_LO,0.004004
INTU,0.300799,-0.873547,252,-0.476981,AI_LO_MOM_LO,0.0016016
ADBE,0.36529,-0.880017,252,-0.185382,AI_LO_MOM_LO,0.002002
NOW,0.665231,-0.952196,252,-0.21353,AI_LO_MOM_LO,0.0029029
ACN,0.2693,-0.970586,252,-0.21591,AI_LO_MOM_LO,0.0027027
