quarter_end,basket,names,capital_share
2019-03-29,M7,8,0.477063
2019-03-29,AI_HI_MOM_HI,24,0.153389
2019-03-29,AI_HI_MOM_LO,21,0.12564
2019-03-29,AI_LO_MOM_HI,21,0.107618
2019-03-29,AI_LO_MOM_LO,23,0.136289
2019-06-28,M7,8,0.477063
2019-06-28,AI_HI_MOM_HI,14,0.115708
2019-06-28,AI_HI_MOM_LO,31,0.16752
2019-06-28,AI_LO_MOM_HI,31,0.164141
2019-06-28,AI_LO_MOM_LO,13,0.0755683
2019-09-30,M7,8,0.477063
2019-09-30,AI_HI_MOM_HI,17,0.12308
2019-09-30,AI_HI_MOM_LO,28,0.148474
2019-09-30,AI_LO_MOM_HI,28,0.122261
2019-09-30,AI_LO_MOM_LO,16,0.129121
2019-12-31,M7,8,0.477063
2019-12-31,AI_HI_MOM_HI,25,0.205816
2019-12-31,AI_HI_MOM_LO,20,0.114991
2019-12-31,AI_LO_MOM_HI,20,0.0770018
2019-12-31,AI_LO_MOM_LO,24,0.125128
2020-03-31,M7,8,0.477063
2020-03-31,AI_HI_MOM_HI,18,0.145505
2020-03-31,AI_HI_MOM_LO,27,0.16537
2020-03-31,AI_LO_MOM_HI,27,0.125333
2020-03-31,AI_LO_MOM_LO,17,0.0867295
2020-06-30,M7,8,0.475699
2020-06-30,AI_HI_MOM_HI,25,0.181233
2020-06-30,AI_HI_MOM_LO,20,0.12283
2020-06-30,AI_LO_MOM_HI,20,0.0972024
2020-06-30,AI_LO_MOM_LO,25,0.123035
2020-09-30,M7,8,0.475699
2020-09-30,AI_HI_MOM_HI,32,0.202471
2020-09-30,AI_HI_MOM_LO,13,0.0874004
2020-09-30,AI_LO_MOM_HI,13,0.0793343
2020-09-30,AI_LO_MOM_LO,32,0.155095
2020-12-31,M7,8,0.475699
2020-12-31,AI_HI_MOM_HI,37,0.236573
2020-12-31,AI_HI_MOM_LO,8,0.0496222
2020-12-31,AI_LO_MOM_HI,8,0.0584031
2020-12-31,AI_LO_MOM_LO,37,0.179702
2021-03-31,M7,8,0.475699
2021-03-31,AI_HI_MOM_HI,25,0.178783
2021-03-31,AI_HI_MOM_LO,20,0.125077
2021-03-31,AI_LO_MOM_HI,20,0.112007
2021-03-31,AI_LO_MOM_LO,25,0.108434
2021-06-30,M7,8,0.475699
2021-06-30,AI_HI_MOM_HI,19,0.143761
2021-06-30,AI_HI_MOM_LO,26,0.150705
2021-06-30,AI_LO_MOM_HI,26,0.148356
2021-06-30,AI_LO_MOM_LO,19,0.0814785
2021-09-30,M7,8,0.471416
2021-09-30,AI_HI_MOM_HI,20,0.155722
2021-09-30,AI_HI_MOM_LO,26,0.137306
2021-09-30,AI_LO_MOM_HI,26,0.138622
2021-09-30,AI_LO_MOM_LO,19,0.0969341
2021-12-31,M7,8,0.471416
2021-12-31,AI_HI_MOM_HI,28,0.184559
2021-12-31,AI_HI_MOM_LO,18,0.107963
2021-12-31,AI_LO_MOM_HI,18,0.110594
2021-12-31,AI_LO_MOM_LO,27,0.125468
2022-03-31,M7,8,0.471416
2022-03-31,AI_HI_MOM_HI,19,0.138723
2022-03-31,AI_HI_MOM_LO,27,0.141455
2022-03-31,AI_LO_MOM_HI,27,0.138824
2022-03-31,AI_LO_MOM_LO,18,0.109582
2022-06-30,M7,8,0.471416
2022-06-30,AI_HI_MOM_HI,15,0.114641
2022-06-30,AI_HI_MOM_LO,31,0.159162
2022-06-30,AI_LO_MOM_HI,31,0.177476
2022-06-30,AI_LO_MOM_LO,14,0.0773045
2022-09-30,M7,8,0.471416
2022-09-30,AI_HI_MOM_HI,11,0.0795305
2022-09-30,AI_HI_MOM_LO,35,0.1966
2022-09-30,AI_LO_MOM_HI,35,0.19569
2022-09-30,AI_LO_MOM_LO,10,0.0567641
2022-12-30,M7,8,0.471416
2022-12-30,AI_HI_MOM_HI,14,0.073763
2022-12-30,AI_HI_MOM_LO,32,0.204391
2022-12-30,AI_LO_MOM_HI,32,0.190934
2022-12-30,AI_LO_MOM_LO,13,0.0594961
2023-03-31,M7,8,0.471416
2023-03-31,AI_HI_MOM_HI,16,0.113225
2023-03-31,AI_HI_MOM_LO,30,0.167662
2023-03-31,AI_LO_MOM_HI,30,0.175959
2023-03-31,AI_LO_MOM_LO,15,0.0717394
2023-06-30,M7,8,0.471416
2023-06-30,AI_HI_MOM_HI,30,0.225842
2023-06-30,AI_HI_MOM_LO,16,0.0531215
2023-06-30,AI_LO_MOM_HI,16,0.12051
2023-06-30,AI_LO_MOM_LO,29,0.129111
2023-09-29,M7,8,0.471416
2023-09-29,AI_HI_MOM_HI,31,0.229181
2023-09-29,AI_HI_MOM_LO,15,0.056157
2023-09-29,AI_LO_MOM_HI,15,0.119093
2023-09-29,AI_LO_MOM_LO,30,0.124153
2023-12-29,M7,8,0.471416
2023-12-29,AI_HI_MOM_HI,36,0.246484
2023-12-29,AI_HI_MOM_LO,10,0.0386522
2023-12-29,AI_LO_MOM_HI,10,0.0830719
2023-12-29,AI_LO_MOM_LO,35,0.160376
2024-03-28,M7,8,0.471416
2024-03-28,AI_HI_MOM_HI,36,0.278964
2024-03-28,AI_HI_MOM_LO,10,0.0339978
2024-03-28,AI_LO_MOM_HI,10,0.0618233
2024-03-28,AI_LO_MOM_LO,35,0.153799
2024-06-28,M7,8,0.471416
2024-06-28,AI_HI_MOM_HI,32,0.246383
2024-06-28,AI_HI_MOM_LO,14,0.0658707
2024-06-28,AI_LO_MOM_HI,14,0.085298
2024-06-28,AI_LO_MOM_LO,31,0.131033
2024-09-30,M7,8,0.471416
2024-09-30,AI_HI_MOM_HI,27,0.210867
2024-09-30,AI_HI_MOM_LO,19,0.0838814
2024-09-30,AI_LO_MOM_HI,19,0.0859051
2024-09-30,AI_LO_MOM_LO,26,0.147931
2024-12-31,M7,8,0.471416
2024-12-31,AI_HI_MOM_HI,23,0.146413
2024-12-31,AI_HI_MOM_LO,23,0.13508
2024-12-31,AI_LO_MOM_HI,23,0.129212
2024-12-31,AI_LO_MOM_LO,22,0.117879
2025-03-31,M7,8,0.468854
2025-03-31,AI_HI_MOM_HI,21,0.14763
2025-03-31,AI_HI_MOM_LO,25,0.162323
2025-03-31,AI_LO_MOM_HI,25,0.147731
2025-03-31,AI_LO_MOM_LO,21,0.0734628
2025-06-30,M7,8,0.468854
2025-06-30,AI_HI_MOM_HI,22,0.126799
2025-06-30,AI_HI_MOM_LO,24,0.168864
2025-06-30,AI_LO_MOM_HI,24,0.135957
2025-06-30,AI_LO_MOM_LO,22,0.099527
2025-09-30,M7,8,0.468854
2025-09-30,AI_HI_MOM_HI,26,0.152259
2025-09-30,AI_HI_MOM_LO,20,0.135453
2025-09-30,AI_LO_MOM_HI,20,0.136057
2025-09-30,AI_LO_MOM_LO,26,0.107376
2025-12-31,M7,8,0.468854
2025-12-31,AI_HI_MOM_HI,27,0.22542
2025-12-31,AI_HI_MOM_LO,19,0.0695381
2025-12-31,AI_LO_MOM_HI,19,0.112911
2025-12-31,AI_LO_MOM_LO,27,0.123277
2026-03-31,M7,8,0.466366
2026-03-31,AI_HI_MOM_HI,34,0.259459
2026-03-31,AI_HI_MOM_LO,13,0.0397397
2026-03-31,AI_LO_MOM_HI,13,0.0852853
2026-03-31,AI_LO_MOM_LO,33,0.149149
2026-06-30,M7,8,0.466366
2026-06-30,AI_HI_MOM_HI,34,0.256857
2026-06-30,AI_HI_MOM_LO,13,0.0409409
2026-06-30,AI_LO_MOM_HI,13,0.0782783
2026-06-30,AI_LO_MOM_LO,33,0.157558
2026-09-30,M7,8,0.466366
2026-09-30,AI_HI_MOM_HI,35,0.233634
2026-09-30,AI_HI_MOM_LO,12,0.0873874
2026-09-30,AI_LO_MOM_HI,12,0.0744745
2026-09-30,AI_LO_MOM_LO,34,0.138138
