quarter_end,beta_vs_ai,beta_vs_momentum,ai_vs_momentum
2019-03-29,0.788151,0.026745,-0.0212462
2019-06-28,0.827971,-0.258955,-0.36413
2019-09-30,0.823596,-0.283384,-0.275094
2019-12-31,0.792884,0.169203,0.0944501
2020-03-31,0.59111,-0.103899,-0.164998
2020-06-30,0.281047,-0.359147,0.189595
2020-09-30,0.114475,-0.237404,0.560505
2020-12-31,-0.0359304,-0.133325,0.74736
2021-03-31,-0.0926123,0.676931,0.181413
2021-06-30,0.358472,0.438186,-0.153821
2021-09-30,0.26603,0.462255,-0.124542
2021-12-31,0.46388,0.25219,0.216038
2022-03-31,0.737809,-0.212072,-0.257605
2022-06-30,0.880076,-0.589314,-0.546361
2022-09-30,0.899427,-0.624399,-0.598742
2022-12-30,0.905033,-0.75657,-0.657
2023-03-31,0.89777,-0.396592,-0.272289
2023-06-30,0.840803,0.289775,0.478802
2023-09-29,0.815687,0.340405,0.637203
2023-12-29,0.772384,0.520831,0.747078
2024-03-28,0.810145,0.638366,0.723475
2024-06-28,0.758258,0.496321,0.517885
2024-09-30,0.815385,0.384886,0.33663
2024-12-31,0.735292,0.252301,0.0344482
2025-03-31,0.688516,0.0756593,-0.197401
2025-06-30,0.857682,0.032967,-0.109227
2025-09-30,0.829431,0.281337,0.180047
2025-12-31,0.871908,0.291925,0.393786
2026-03-31,0.747814,0.38174,0.670496
2026-06-30,0.442482,0.412193,0.735773
2026-09-30,0.468906,0.299514,0.670944
