quarter_end,names_compared,share_of_names_moved,share_of_capital_moved
2019-06-28,89,0.41573,0.394361
2019-09-30,89,0.269663,0.306051
2019-12-31,89,0.438202,0.496769
2020-03-31,89,0.41573,0.380654
2020-06-30,89,0.359551,0.39906
2020-09-30,90,0.288889,0.300487
2020-12-31,90,0.2,0.173905
2021-03-31,90,0.455556,0.460565
2021-06-30,90,0.222222,0.25297
2021-09-30,90,0.277778,0.265823
2021-12-31,91,0.340659,0.409456
2022-03-31,91,0.406593,0.346669
2022-06-30,91,0.32967,0.268377
2022-09-30,91,0.186813,0.147588
2022-12-30,91,0.285714,0.272971
2023-03-31,91,0.296703,0.328675
2023-06-30,91,0.395604,0.446975
2023-09-29,91,0.230769,0.166156
2023-12-29,91,0.21978,0.179747
2024-03-28,91,0.252747,0.201378
2024-06-28,91,0.351648,0.254403
2024-09-30,91,0.373626,0.295559
2024-12-31,91,0.351648,0.397971
2025-03-31,91,0.340659,0.276034
2025-06-30,92,0.304348,0.261084
2025-09-30,92,0.304348,0.269989
2025-12-31,92,0.380435,0.477075
2026-03-31,92,0.358696,0.246684
2026-06-30,93,0.354839,0.297693
2026-09-30,93,0.27957,0.348152
