date,Trailing 252d volatility,Trailing 252d M7 risk share,EWMA 0.94 volatility,EWMA 0.94 M7 risk share
2020-03-31,0.343491,0.488715,0.336302,0.480735
2020-04-01,0.347085,0.48927,0.378732,0.488643
2020-04-02,0.347742,0.488661,0.378478,0.481954
2020-04-03,0.348212,0.488713,0.373597,0.482409
2020-04-06,0.356293,0.488335,0.466809,0.483181
2020-04-07,0.356313,0.488402,0.452796,0.483742
2020-04-08,0.357389,0.487462,0.453382,0.475249
2020-04-09,0.35734,0.48743,0.439672,0.475045
2020-04-13,0.357398,0.487793,0.427187,0.479577
2020-04-14,0.35929,0.488983,0.439148,0.492971
2020-04-15,0.359632,0.488341,0.430034,0.486436
2020-04-16,0.359794,0.488764,0.419742,0.491834
2020-04-17,0.360098,0.487835,0.411366,0.480983
2020-04-20,0.360554,0.487622,0.404541,0.478248
2020-04-21,0.362974,0.487939,0.42388,0.482252
2020-04-22,0.364571,0.48826,0.433622,0.488182
2020-04-23,0.364567,0.488244,0.420459,0.488197
2020-04-24,0.364828,0.488353,0.411484,0.489878
2020-04-27,0.364986,0.488008,0.401703,0.487076
2020-04-28,0.365223,0.488504,0.392654,0.493013
2020-04-29,0.366702,0.48902,0.402843,0.502303
2020-04-30,0.366765,0.48864,0.391577,0.496729
2020-05-01,0.368366,0.488475,0.40142,0.492752
2020-05-04,0.36838,0.488657,0.39133,0.497578
2020-05-05,0.368384,0.48862,0.38141,0.497749
2020-05-06,0.367686,0.488401,0.369817,0.498236
2020-05-07,0.367815,0.488442,0.361004,0.499245
2020-05-08,0.368213,0.488076,0.357921,0.495277
2020-05-11,0.368284,0.488242,0.348475,0.498794
2020-05-12,0.367062,0.486992,0.349575,0.493803
2020-05-13,0.367315,0.486768,0.345343,0.48675
2020-05-14,0.367667,0.48629,0.342236,0.480075
2020-05-15,0.367634,0.486475,0.332285,0.484254
2020-05-18,0.368291,0.485279,0.338381,0.467629
2020-05-19,0.367875,0.484825,0.328791,0.465628
2020-05-20,0.368228,0.484805,0.328137,0.467498
2020-05-21,0.368362,0.484668,0.321329,0.46651
2020-05-22,0.367876,0.484639,0.3119,0.468014
2020-05-26,0.367869,0.484435,0.302757,0.463363
2020-05-27,0.367954,0.483883,0.296363,0.449782
2020-05-28,0.367935,0.483637,0.289042,0.447123
2020-05-29,0.368122,0.483752,0.28481,0.452636
2020-06-01,0.367599,0.483579,0.276212,0.453506
2020-06-02,0.367265,0.482489,0.269153,0.451453
2020-06-03,0.365937,0.481858,0.263963,0.440448
2020-06-04,0.36593,0.48194,0.255927,0.440892
2020-06-05,0.366423,0.481585,0.264412,0.436387
2020-06-08,0.366236,0.481291,0.257817,0.435293
2020-06-09,0.366114,0.481348,0.2509,0.444631
2020-06-10,0.366164,0.481708,0.245046,0.461755
2020-06-11,0.37122,0.479462,0.334285,0.429629
2020-06-12,0.371331,0.479256,0.326883,0.427489
2020-06-15,0.371329,0.479434,0.320131,0.431714
2020-06-16,0.371786,0.478805,0.319839,0.422751
2020-06-17,0.371306,0.478698,0.310096,0.422862
2020-06-18,0.371308,0.478702,0.300651,0.422872
2020-06-19,0.371273,0.478745,0.291675,0.422402
2020-06-22,0.371372,0.479032,0.286022,0.432781
2020-06-23,0.371375,0.479055,0.277536,0.434246
2020-06-24,0.371919,0.478601,0.285025,0.432357
2020-06-25,0.371955,0.478467,0.281614,0.434845
2020-06-26,0.373253,0.479244,0.297598,0.456257
2020-06-29,0.373466,0.479251,0.293549,0.457861
2020-06-30,0.37377,0.47943,0.296166,0.463651
2020-07-01,0.373777,0.479506,0.287638,0.467038
2020-07-02,0.373811,0.479494,0.280188,0.46831
2020-07-06,0.37444,0.479967,0.286581,0.485006
2020-07-07,0.374448,0.479702,0.280035,0.480765
2020-07-08,0.374634,0.479959,0.276727,0.489549
2020-07-09,0.374553,0.479962,0.268887,0.494207
2020-07-10,0.374639,0.479815,0.26369,0.490484
2020-07-13,0.374997,0.480458,0.263551,0.504325
2020-07-14,0.37521,0.480366,0.261431,0.501388
2020-07-15,0.375149,0.480346,0.253719,0.498969
2020-07-16,0.375203,0.480463,0.247069,0.501118
2020-07-17,0.375189,0.480521,0.239543,0.501125
2020-07-20,0.375649,0.48135,0.246345,0.536074
2020-07-21,0.37558,0.481501,0.23936,0.541373
2020-07-22,0.375531,0.481445,0.233397,0.539663
2020-07-23,0.376141,0.482767,0.240214,0.575295
2020-07-24,0.375923,0.482428,0.233736,0.57327
2020-07-27,0.375983,0.482493,0.232207,0.581253
2020-07-28,0.376191,0.482769,0.229463,0.586279
2020-07-29,0.376412,0.482779,0.229525,0.582983
2020-07-30,0.37587,0.483055,0.22255,0.583693
2020-07-31,0.375728,0.483449,0.219208,0.602971
2020-08-03,0.375667,0.483504,0.219482,0.611327
2020-08-04,0.373379,0.482549,0.214993,0.602652
2020-08-05,0.373248,0.482485,0.209743,0.599545
2020-08-06,0.373295,0.482674,0.20581,0.611161
2020-08-07,0.372531,0.483205,0.200651,0.617334
2020-08-10,0.372389,0.48298,0.194571,0.616415
2020-08-11,0.372482,0.483525,0.197159,0.629961
2020-08-12,0.372696,0.484033,0.21438,0.641841
2020-08-13,0.370913,0.483884,0.208049,0.638052
2020-08-14,0.370886,0.483883,0.201726,0.638146
2020-08-17,0.370324,0.484016,0.20003,0.655358
2020-08-18,0.36985,0.483575,0.194451,0.659476
2020-08-19,0.369753,0.483568,0.189359,0.659194
2020-08-20,0.369664,0.483808,0.185386,0.670367
2020-08-21,0.369739,0.48403,0.183533,0.683751
2020-08-24,0.367701,0.483471,0.181485,0.668588
2020-08-25,0.367534,0.483427,0.177548,0.666068
2020-08-26,0.367594,0.483657,0.17951,0.676319
2020-08-27,0.367599,0.48376,0.174133,0.677239
2020-08-28,0.367359,0.483614,0.174798,0.664146
2020-08-31,0.367369,0.483693,0.170436,0.673363
2020-09-01,0.367256,0.483785,0.172159,0.680097
2020-09-02,0.367291,0.483665,0.178768,0.6447
2020-09-03,0.370318,0.487,0.260853,0.658354
2020-09-04,0.370453,0.487285,0.255476,0.662859
2020-09-08,0.373108,0.489959,0.298171,0.665157
2020-09-09,0.374028,0.491068,0.308628,0.672062
2020-09-10,0.374574,0.49144,0.309236,0.667523
2020-09-11,0.374588,0.491565,0.299957,0.668776
2020-09-14,0.375002,0.491702,0.301258,0.663816
2020-09-15,0.375009,0.491746,0.293583,0.666011
2020-09-16,0.375213,0.492416,0.287713,0.676187
2020-09-17,0.375348,0.492675,0.280992,0.678326
2020-09-18,0.375618,0.492967,0.276886,0.678549
2020-09-21,0.375456,0.492614,0.268554,0.675822
2020-09-22,0.375563,0.492806,0.263628,0.679155
2020-09-23,0.376535,0.493786,0.280407,0.673433
2020-09-24,0.376454,0.49361,0.273103,0.674899
2020-09-25,0.376853,0.494077,0.275208,0.678365
2020-09-28,0.376855,0.49384,0.274341,0.66654
2020-09-29,0.376831,0.493804,0.266018,0.666249
2020-09-30,0.376765,0.493948,0.259575,0.667537
2020-10-01,0.376354,0.494093,0.253858,0.668132
2020-10-02,0.376859,0.494965,0.259534,0.675759
2020-10-05,0.377235,0.495328,0.267199,0.663735
2020-10-06,0.377543,0.495568,0.264736,0.660352
2020-10-07,0.377318,0.49541,0.265279,0.645561
2020-10-08,0.377211,0.495265,0.258934,0.638791
2020-10-09,0.377236,0.495353,0.253322,0.640352
2020-10-12,0.37762,0.496454,0.261656,0.659039
2020-10-13,0.377664,0.496458,0.254164,0.658011
2020-10-14,0.377379,0.496416,0.247654,0.656209
2020-10-15,0.377371,0.496515,0.240712,0.657235
2020-10-16,0.377395,0.496606,0.233611,0.658583
2020-10-19,0.377709,0.496877,0.236373,0.655959
2020-10-20,0.377584,0.496884,0.23019,0.656833
2020-10-21,0.377536,0.496747,0.22363,0.652954
2020-10-22,0.37754,0.496713,0.217311,0.648345
2020-10-23,0.377374,0.496726,0.210974,0.650404
2020-10-26,0.377718,0.496724,0.218181,0.62829
2020-10-27,0.377594,0.496636,0.211535,0.62794
2020-10-28,0.379757,0.497683,0.258946,0.615503
2020-10-29,0.380143,0.498067,0.261389,0.620714
2020-10-30,0.380605,0.498853,0.262363,0.633326
2020-11-02,0.380529,0.49875,0.255967,0.626325
2020-11-03,0.380819,0.498698,0.260028,0.616847
2020-11-04,0.382272,0.500122,0.285884,0.634137
2020-11-05,0.382929,0.500072,0.292547,0.621924
2020-11-06,0.382918,0.500083,0.284041,0.621975
2020-11-09,0.382929,0.500425,0.275455,0.626629
2020-11-10,0.383248,0.501257,0.272808,0.642135
2020-11-11,0.383595,0.501718,0.273529,0.649615
2020-11-12,0.383679,0.501609,0.26656,0.644925
2020-11-13,0.383752,0.501389,0.26084,0.634362
2020-11-16,0.3839,0.501201,0.25833,0.618239
2020-11-17,0.383904,0.501176,0.250658,0.618328
2020-11-18,0.383997,0.501049,0.244715,0.613097
2020-11-19,0.383976,0.501052,0.238661,0.610614
2020-11-20,0.384134,0.501215,0.234645,0.612612
2020-11-23,0.384154,0.501041,0.228727,0.602958
2020-11-24,0.384094,0.500685,0.228459,0.588872
2020-11-25,0.384063,0.500683,0.221753,0.591554
2020-11-27,0.384054,0.500682,0.215804,0.591743
2020-11-30,0.384008,0.500651,0.209271,0.59137
2020-12-01,0.383913,0.500564,0.209479,0.591043
2020-12-02,0.383807,0.500579,0.204234,0.58811
2020-12-03,0.383792,0.500643,0.198214,0.588555
2020-12-04,0.383884,0.500359,0.196184,0.566765
2020-12-07,0.383753,0.500359,0.19034,0.568532
2020-12-08,0.383724,0.500358,0.184648,0.567265
2020-12-09,0.38407,0.500909,0.187754,0.589872
2020-12-10,0.384027,0.500923,0.182096,0.590199
2020-12-11,0.383852,0.501119,0.176685,0.589073
2020-12-14,0.383835,0.501167,0.171423,0.590989
2020-12-15,0.383877,0.501112,0.17307,0.581003
2020-12-16,0.383876,0.501113,0.168072,0.581088
2020-12-17,0.383882,0.501106,0.163644,0.580091
2020-12-18,0.383863,0.501093,0.159015,0.581066
2020-12-21,0.383853,0.501083,0.15421,0.579716
2020-12-22,0.383865,0.501044,0.149649,0.577325
2020-12-23,0.383898,0.501116,0.145781,0.581452
2020-12-24,0.383859,0.501001,0.142216,0.57948
2020-12-28,0.38393,0.501137,0.143024,0.596421
2020-12-29,0.383801,0.501083,0.13885,0.596687
2020-12-30,0.383793,0.501064,0.135,0.591173
2020-12-31,0.383458,0.500926,0.13172,0.581611
2021-01-04,0.383509,0.500961,0.135082,0.571854
2021-01-05,0.383601,0.500878,0.13746,0.564272
2021-01-06,0.383748,0.501614,0.137874,0.631052
2021-01-07,0.384453,0.502187,0.165584,0.643114
2021-01-08,0.384405,0.502165,0.161541,0.644312
2021-01-11,0.384389,0.502324,0.156728,0.648739
2021-01-12,0.384204,0.502147,0.15201,0.650126
2021-01-13,0.38419,0.502046,0.148929,0.650849
2021-01-14,0.384241,0.502288,0.14586,0.667225
2021-01-15,0.384306,0.50231,0.14662,0.653419
2021-01-19,0.384528,0.502301,0.153438,0.634044
2021-01-20,0.384902,0.503032,0.165225,0.676986
2021-01-21,0.38498,0.503265,0.164396,0.692628
2021-01-22,0.385018,0.503159,0.160184,0.683321
2021-01-25,0.384877,0.503207,0.156343,0.687781
2021-01-26,0.384106,0.50299,0.151635,0.68665
2021-01-27,0.38504,0.502246,0.185149,0.579057
2021-01-28,0.385092,0.502059,0.182144,0.561055
2021-01-29,0.385592,0.502211,0.190696,0.557872
2021-02-01,0.385326,0.502846,0.199204,0.572153
2021-02-02,0.38534,0.502478,0.201517,0.560165
2021-02-03,0.384826,0.502379,0.19552,0.562397
2021-02-04,0.384908,0.502389,0.194437,0.549057
2021-02-05,0.384848,0.502294,0.18865,0.549019
2021-02-08,0.384988,0.502291,0.190678,0.544066
2021-02-09,0.384801,0.502013,0.185375,0.544496
2021-02-10,0.384801,0.502031,0.18001,0.545928
2021-02-11,0.384762,0.502003,0.176843,0.545083
2021-02-12,0.384755,0.501955,0.171922,0.540096
2021-02-16,0.384707,0.501768,0.166862,0.540221
2021-02-17,0.384749,0.501846,0.1626,0.543697
2021-02-18,0.384552,0.501612,0.158925,0.542645
2021-02-19,0.384407,0.501535,0.154106,0.543732
2021-02-22,0.384245,0.501638,0.163715,0.586621
2021-02-23,0.381458,0.50077,0.158735,0.586924
2021-02-24,0.380134,0.501072,0.162955,0.556942
2021-02-25,0.381889,0.502219,0.207987,0.587824
2021-02-26,0.378088,0.500951,0.202216,0.592861
2021-03-01,0.378744,0.500629,0.218756,0.574537
2021-03-02,0.376352,0.500884,0.219476,0.579344
2021-03-03,0.375349,0.501515,0.226841,0.596187
2021-03-04,0.373321,0.501945,0.228291,0.581187
2021-03-05,0.371945,0.501696,0.23276,0.557513
2021-03-08,0.372315,0.503117,0.244618,0.597394
2021-03-09,0.364253,0.507885,0.266941,0.626082
2021-03-10,0.360449,0.507846,0.258814,0.62626
2021-03-11,0.35735,0.509467,0.260928,0.632446
2021-03-12,0.34068,0.514075,0.253515,0.6352
2021-03-15,0.326959,0.517969,0.247714,0.637364
2021-03-16,0.292604,0.525604,0.24098,0.638348
2021-03-17,0.286571,0.528603,0.233979,0.637864
2021-03-18,0.28228,0.53706,0.248236,0.639483
2021-03-19,0.281532,0.536695,0.240972,0.640253
2021-03-22,0.278851,0.538085,0.238828,0.643336
2021-03-23,0.278819,0.538533,0.233698,0.633495
2021-03-24,0.262013,0.5485,0.23103,0.640666
2021-03-25,0.262005,0.548347,0.224083,0.63899
2021-03-26,0.256406,0.555664,0.228063,0.601917
2021-03-29,0.253475,0.55812,0.221152,0.602516
2021-03-30,0.251223,0.558829,0.215771,0.600695
2021-03-31,0.251018,0.560765,0.214535,0.612209
2021-04-01,0.246073,0.562981,0.220015,0.607396
2021-04-05,0.245651,0.564986,0.224382,0.612779
2021-04-06,0.244853,0.56541,0.217953,0.612309
2021-04-07,0.233635,0.573807,0.212939,0.616798
2021-04-08,0.233627,0.573706,0.208751,0.618244
2021-04-09,0.23214,0.577038,0.204538,0.618863
2021-04-12,0.23214,0.577059,0.198563,0.622193
2021-04-13,0.232153,0.576879,0.19487,0.634626
2021-04-14,0.229763,0.576917,0.192862,0.643698
2021-04-15,0.229614,0.579647,0.199483,0.647745
2021-04-16,0.229392,0.578929,0.193416,0.647412
2021-04-19,0.229344,0.581113,0.191742,0.642104
2021-04-20,0.22874,0.582167,0.188608,0.636095
2021-04-21,0.224664,0.584585,0.186861,0.62362
2021-04-22,0.222964,0.58526,0.192266,0.613665
2021-04-23,0.223339,0.585214,0.196057,0.609322
2021-04-26,0.223031,0.585257,0.191386,0.610035
2021-04-27,0.222849,0.586053,0.18573,0.61087
2021-04-28,0.222415,0.584853,0.180593,0.608434
2021-04-29,0.22017,0.584862,0.176972,0.605069
2021-04-30,0.220309,0.586102,0.175993,0.59678
2021-05-03,0.217433,0.589547,0.170787,0.598718
2021-05-04,0.217813,0.590101,0.173389,0.623637
2021-05-05,0.217666,0.590205,0.16832,0.621777
2021-05-06,0.217773,0.59017,0.166827,0.616045
2021-05-07,0.217681,0.590103,0.164803,0.61182
2021-05-10,0.218351,0.591985,0.181803,0.621604
2021-05-11,0.218361,0.59138,0.177255,0.617801
2021-05-12,0.218735,0.59253,0.199696,0.596237
2021-05-13,0.218034,0.594225,0.196863,0.587324
2021-05-14,0.218269,0.595939,0.207747,0.589448
2021-05-17,0.218301,0.595606,0.201678,0.589857
2021-05-18,0.217162,0.599385,0.198728,0.587957
2021-05-19,0.217037,0.599932,0.192779,0.587701
2021-05-20,0.216806,0.600759,0.198298,0.590098
2021-05-21,0.2164,0.601425,0.192262,0.590128
2021-05-24,0.216941,0.601963,0.198134,0.602882
2021-05-25,0.216952,0.602175,0.192136,0.602261
2021-05-26,0.216779,0.60381,0.186502,0.602328
2021-05-27,0.216574,0.604684,0.180894,0.604172
2021-05-28,0.216317,0.604696,0.176795,0.606981
2021-06-01,0.216335,0.604671,0.171454,0.606789
2021-06-02,0.216304,0.604956,0.16754,0.607501
2021-06-03,0.216264,0.60606,0.163867,0.606776
2021-06-04,0.216702,0.606206,0.170207,0.615162
2021-06-07,0.215606,0.608409,0.165223,0.616264
2021-06-08,0.215592,0.608415,0.16062,0.612829
2021-06-09,0.215575,0.607853,0.155793,0.612289
2021-06-10,0.215559,0.606748,0.153474,0.607675
2021-06-11,0.206338,0.625651,0.149323,0.610882
2021-06-14,0.206203,0.626587,0.147323,0.619555
2021-06-15,0.206065,0.626614,0.143824,0.622473
2021-06-16,0.205352,0.629136,0.140339,0.614434
2021-06-17,0.205531,0.630022,0.142016,0.643481
2021-06-18,0.206005,0.628346,0.145712,0.59887
2021-06-21,0.206053,0.628032,0.144651,0.580262
2021-06-22,0.205944,0.627642,0.143814,0.592007
2021-06-23,0.205941,0.627574,0.139535,0.593005
2021-06-24,0.204388,0.630351,0.138994,0.572155
2021-06-25,0.204062,0.630965,0.134954,0.575025
2021-06-28,0.20173,0.633343,0.139039,0.607524
2021-06-29,0.201375,0.633818,0.135043,0.607653
2021-06-30,0.200459,0.634694,0.131356,0.602268
2021-07-01,0.200452,0.634345,0.127355,0.6024
2021-07-02,0.200557,0.634688,0.129585,0.618624
2021-07-06,0.199389,0.634729,0.126431,0.627226
2021-07-07,0.199151,0.635534,0.123083,0.621016
2021-07-08,0.199054,0.634896,0.123836,0.615798
2021-07-09,0.199208,0.633901,0.126254,0.58492
2021-07-12,0.199072,0.634556,0.124554,0.587352
2021-07-13,0.198283,0.63381,0.121207,0.584665
2021-07-14,0.197901,0.634599,0.117523,0.584479
2021-07-15,0.198295,0.63489,0.121483,0.598582
2021-07-16,0.198741,0.634295,0.129171,0.590867
2021-07-19,0.198961,0.633502,0.128924,0.571022
2021-07-20,0.198228,0.630891,0.132307,0.552073
2021-07-21,0.198546,0.629425,0.139615,0.533896
2021-07-22,0.198502,0.629734,0.136208,0.542488
2021-07-23,0.197432,0.627023,0.138444,0.54619
2021-07-26,0.197313,0.627348,0.134322,0.546064
2021-07-27,0.197301,0.626817,0.135204,0.551389
2021-07-28,0.196907,0.626374,0.133119,0.546161
2021-07-29,0.196532,0.626488,0.130983,0.533452
2021-07-30,0.196643,0.626968,0.128455,0.546612
2021-08-02,0.196469,0.625696,0.124696,0.547991
2021-08-03,0.196216,0.624637,0.125979,0.530684
2021-08-04,0.196119,0.625201,0.122592,0.533761
2021-08-05,0.196091,0.62549,0.120118,0.542551
2021-08-06,0.196025,0.62494,0.116883,0.547047
2021-08-09,0.195943,0.624233,0.113758,0.542698
2021-08-10,0.196085,0.624097,0.112633,0.543808
2021-08-11,0.195427,0.623261,0.109387,0.545886
2021-08-12,0.194017,0.622162,0.106236,0.555257
2021-08-13,0.194006,0.622621,0.10471,0.55393
2021-08-16,0.194005,0.622638,0.101599,0.553436
2021-08-17,0.194124,0.621674,0.105862,0.572383
2021-08-18,0.19467,0.620617,0.114881,0.551116
2021-08-19,0.194629,0.620918,0.1137,0.568739
2021-08-20,0.194839,0.621223,0.119496,0.614795
2021-08-23,0.195315,0.620518,0.133956,0.617023
2021-08-24,0.195163,0.621084,0.130062,0.615383
2021-08-25,0.195132,0.621067,0.127305,0.611363
2021-08-26,0.194913,0.620129,0.12543,0.607505
2021-08-27,0.195219,0.619729,0.131228,0.595325
2021-08-30,0.195017,0.620519,0.129718,0.613032
2021-08-31,0.195044,0.620141,0.126376,0.613189
2021-09-01,0.194739,0.619484,0.122548,0.612224
2021-09-02,0.194147,0.620864,0.118848,0.610779
2021-09-03,0.187174,0.617638,0.116179,0.614782
2021-09-07,0.186886,0.616628,0.112804,0.608922
2021-09-08,0.181677,0.61365,0.111374,0.607423
2021-09-09,0.179889,0.611043,0.10961,0.606679
2021-09-10,0.178708,0.611464,0.108227,0.613613
2021-09-13,0.178666,0.611018,0.105404,0.606931
2021-09-14,0.17774,0.610837,0.102745,0.599473
2021-09-15,0.177741,0.610268,0.103986,0.590931
2021-09-16,0.177329,0.608059,0.10089,0.591321
2021-09-17,0.177513,0.607633,0.107544,0.601355
2021-09-20,0.178335,0.606822,0.131732,0.59501
2021-09-21,0.178302,0.607559,0.127852,0.596084
2021-09-22,0.178432,0.606506,0.133702,0.584221
2021-09-23,0.175985,0.604668,0.138262,0.562608
2021-09-24,0.175916,0.604409,0.134117,0.561861
2021-09-27,0.175092,0.603463,0.130617,0.570779
2021-09-28,0.176848,0.603936,0.165545,0.577455
2021-09-29,0.176863,0.604036,0.160688,0.577626
2021-09-30,0.17691,0.603181,0.157507,0.569864
2021-10-01,0.176997,0.60258,0.158013,0.563006
2021-10-04,0.176993,0.601436,0.173872,0.586795
2021-10-05,0.176157,0.602167,0.178049,0.59243
2021-10-06,0.175531,0.602567,0.174023,0.596114
2021-10-07,0.17504,0.603675,0.173408,0.58912
2021-10-08,0.174966,0.604384,0.168383,0.58931
2021-10-11,0.174954,0.603819,0.164786,0.58623
2021-10-12,0.173749,0.59995,0.161918,0.580156
2021-10-13,0.173705,0.600206,0.158013,0.582046
2021-10-14,0.174462,0.600025,0.170379,0.577039
2021-10-15,0.174471,0.599733,0.167622,0.57505
2021-10-18,0.174502,0.599992,0.164528,0.585953
2021-10-19,0.1736,0.599358,0.16249,0.576871
2021-10-20,0.173557,0.599301,0.157541,0.576633
2021-10-21,0.17352,0.600167,0.154084,0.583859
2021-10-22,0.173636,0.600971,0.15076,0.593076
2021-10-25,0.17374,0.60091,0.149148,0.593794
2021-10-26,0.17266,0.603673,0.149773,0.612295
2021-10-27,0.172662,0.603744,0.145215,0.610962
2021-10-28,0.167682,0.604469,0.148433,0.606674
2021-10-29,0.166855,0.603626,0.145231,0.610842
2021-11-01,0.165734,0.601234,0.140927,0.609147
2021-11-02,0.165776,0.601815,0.140548,0.603167
2021-11-03,0.164904,0.602769,0.140044,0.601049
2021-11-04,0.162649,0.601767,0.157209,0.655331
2021-11-05,0.16111,0.603404,0.153082,0.652839
2021-11-08,0.161139,0.603233,0.149909,0.647654
2021-11-09,0.161186,0.601371,0.145939,0.647467
2021-11-10,0.161258,0.59862,0.153091,0.652223
2021-11-11,0.160472,0.59686,0.149856,0.65315
2021-11-12,0.160439,0.597728,0.149979,0.647217
2021-11-15,0.160293,0.599132,0.145497,0.64746
2021-11-16,0.159857,0.601362,0.141692,0.647488
2021-11-17,0.159919,0.600984,0.138486,0.641647
2021-11-18,0.160208,0.605262,0.146095,0.702616
2021-11-19,0.1602,0.60619,0.1438,0.716574
2021-11-22,0.160068,0.606593,0.142892,0.723081
2021-11-23,0.160007,0.60757,0.138644,0.719462
2021-11-24,0.159627,0.609228,0.137556,0.712722
2021-11-26,0.161895,0.607259,0.165939,0.651438
2021-11-29,0.163003,0.608547,0.180015,0.659813
2021-11-30,0.163902,0.605339,0.184966,0.618533
2021-12-01,0.164023,0.60607,0.185301,0.623961
2021-12-02,0.16406,0.605982,0.181584,0.618554
2021-12-03,0.164663,0.607475,0.183292,0.634595
2021-12-06,0.164579,0.608676,0.180693,0.624188
2021-12-07,0.167114,0.609308,0.211305,0.626034
2021-12-08,0.167114,0.609322,0.204995,0.626366
2021-12-09,0.166794,0.608092,0.203135,0.630252
2021-12-10,0.167099,0.606901,0.202063,0.615017
2021-12-13,0.168085,0.608829,0.20665,0.63035
2021-12-14,0.168245,0.608908,0.201642,0.630869
2021-12-15,0.170066,0.608489,0.224849,0.615378
2021-12-16,0.171614,0.612571,0.23347,0.645698
2021-12-17,0.171855,0.612364,0.228482,0.643344
2021-12-20,0.17214,0.611887,0.224473,0.639449
2021-12-21,0.173714,0.610231,0.23806,0.61902
2021-12-22,0.17394,0.610568,0.234656,0.619588
2021-12-23,0.174022,0.609841,0.230169,0.614225
2021-12-27,0.17471,0.609979,0.233014,0.61437
2021-12-28,0.174648,0.609514,0.226801,0.615106
2021-12-29,0.174621,0.609588,0.219892,0.615045
2021-12-30,0.174773,0.609627,0.214386,0.614717
2021-12-31,0.174895,0.609993,0.20891,0.615969
2022-01-03,0.174807,0.610967,0.208905,0.619931
2022-01-04,0.174748,0.6124,0.204078,0.629309
2022-01-05,0.176832,0.61155,0.224945,0.644623
2022-01-06,0.175227,0.610471,0.218121,0.644492
2022-01-07,0.175469,0.610344,0.214006,0.643293
2022-01-10,0.175447,0.609906,0.207563,0.643579
2022-01-11,0.175665,0.609686,0.205268,0.641424
2022-01-12,0.175633,0.609709,0.199559,0.642701
2022-01-13,0.177087,0.610489,0.211916,0.654583
2022-01-14,0.176792,0.611199,0.206837,0.656792
2022-01-18,0.178054,0.610458,0.220917,0.636248
2022-01-19,0.177876,0.607268,0.221287,0.628817
2022-01-20,0.178539,0.605479,0.223956,0.619634
2022-01-21,0.180229,0.605303,0.236584,0.611407
2022-01-24,0.180192,0.605071,0.229477,0.611258
2022-01-25,0.181271,0.606267,0.234387,0.620346
2022-01-26,0.178875,0.612269,0.228556,0.622757
2022-01-27,0.179146,0.61301,0.225822,0.619023
2022-01-28,0.180358,0.614293,0.247125,0.621007
2022-01-31,0.18162,0.613725,0.264777,0.619092
2022-02-01,0.181215,0.614425,0.258377,0.61505
2022-02-02,0.181799,0.614405,0.25779,0.615245
2022-02-03,0.185371,0.620013,0.287429,0.64328
2022-02-04,0.185658,0.621005,0.282103,0.649634
2022-02-07,0.185275,0.621863,0.273983,0.650566
2022-02-08,0.18547,0.621549,0.268761,0.647262
2022-02-09,0.18658,0.621189,0.27346,0.642353
2022-02-10,0.187708,0.620703,0.276853,0.63674
2022-02-11,0.190276,0.620916,0.293186,0.634407
2022-02-14,0.190274,0.620964,0.284324,0.635005
2022-02-15,0.192267,0.619767,0.297643,0.626045
2022-02-16,0.192176,0.619865,0.288585,0.625972
2022-02-17,0.19474,0.620284,0.304042,0.628308
2022-02-18,0.194348,0.619005,0.298655,0.629318
2022-02-22,0.194673,0.618752,0.292408,0.627829
2022-02-23,0.195719,0.620342,0.297631,0.627823
2022-02-24,0.194208,0.622192,0.3068,0.640557
2022-02-25,0.194989,0.619524,0.306089,0.624086
2022-02-28,0.193494,0.621475,0.296803,0.624648
2022-03-01,0.193997,0.61949,0.297982,0.6132
2022-03-02,0.193842,0.616185,0.299767,0.599547
2022-03-03,0.193515,0.617839,0.294012,0.600164
2022-03-04,0.193319,0.620653,0.290452,0.602816
2022-03-07,0.195484,0.616568,0.317092,0.602029
2022-03-08,0.193052,0.613521,0.307468,0.601932
2022-03-09,0.19607,0.613563,0.327681,0.604694
2022-03-10,0.195508,0.612486,0.319516,0.603248
2022-03-11,0.196173,0.612567,0.316082,0.606025
2022-03-14,0.196725,0.61338,0.312523,0.612192
2022-03-15,0.199263,0.613199,0.328443,0.612018
2022-03-16,0.201632,0.613041,0.341337,0.611284
2022-03-17,0.200077,0.612089,0.333543,0.60942
2022-03-18,0.200961,0.613622,0.332514,0.61884
2022-03-21,0.200617,0.613259,0.322395,0.618928
2022-03-22,0.200715,0.614303,0.316097,0.61958
2022-03-23,0.200866,0.612604,0.311125,0.613923
2022-03-24,0.202596,0.612886,0.320005,0.615471
2022-03-25,0.201902,0.615672,0.310279,0.615238
2022-03-28,0.202093,0.61599,0.303267,0.617739
2022-03-29,0.202296,0.615748,0.298225,0.614733
2022-03-30,0.202361,0.614961,0.292323,0.61415
2022-03-31,0.202461,0.614345,0.291474,0.606998
2022-04-01,0.201754,0.614031,0.282619,0.607085
2022-04-04,0.202236,0.614846,0.280572,0.614066
2022-04-05,0.203325,0.61459,0.283867,0.613976
2022-04-06,0.204347,0.616939,0.286857,0.631741
2022-04-07,0.204233,0.616865,0.278194,0.631151
2022-04-08,0.20465,0.617658,0.274055,0.638179
2022-04-11,0.205979,0.618364,0.281375,0.646981
2022-04-12,0.205799,0.617689,0.273632,0.646199
2022-04-13,0.205564,0.617655,0.271486,0.648524
2022-04-14,0.206728,0.618365,0.276031,0.651614
2022-04-18,0.206503,0.618713,0.268417,0.652427
2022-04-19,0.207064,0.618308,0.269582,0.643468
2022-04-20,0.207092,0.619789,0.263888,0.650794
2022-04-21,0.207627,0.620581,0.269918,0.649705
2022-04-22,0.209063,0.618316,0.283928,0.625
2022-04-25,0.209311,0.61843,0.279117,0.626062
2022-04-26,0.212812,0.616801,0.308595,0.613094
2022-04-27,0.212803,0.616994,0.29942,0.613577
2022-04-28,0.216402,0.617187,0.329376,0.614577
2022-04-29,0.220595,0.616127,0.361685,0.607125
2022-05-02,0.221334,0.61633,0.357914,0.609171
2022-05-03,0.220936,0.615305,0.347242,0.608903
2022-05-04,0.22347,0.612452,0.361641,0.592853
2022-05-05,0.228149,0.613477,0.394104,0.601125
2022-05-06,0.228094,0.613603,0.382773,0.601091
2022-05-09,0.23124,0.611483,0.408531,0.594919
2022-05-10,0.231493,0.611989,0.398847,0.597025
2022-05-11,0.23146,0.614813,0.39956,0.607126
2022-05-12,0.231331,0.615621,0.387777,0.608994
2022-05-13,0.233277,0.615685,0.402215,0.609541
2022-05-16,0.233438,0.615892,0.391495,0.610776
2022-05-17,0.234881,0.614786,0.394718,0.604435
2022-05-18,0.240013,0.612125,0.427599,0.593938
2022-05-19,0.23964,0.611449,0.416534,0.590686
2022-05-20,0.239663,0.611601,0.404051,0.591515
2022-05-23,0.239727,0.61084,0.398043,0.590534
2022-05-24,0.240555,0.612421,0.393634,0.600124
2022-05-25,0.241038,0.612405,0.386295,0.600289
2022-05-26,0.242626,0.611576,0.389751,0.596686
2022-05-27,0.244794,0.610761,0.39916,0.594016
2022-05-31,0.24481,0.610624,0.387162,0.593223
2022-06-01,0.244875,0.610364,0.376488,0.591872
2022-06-02,0.246217,0.610568,0.379266,0.594304
2022-06-03,0.247026,0.610958,0.380404,0.599499
2022-06-06,0.247044,0.611028,0.369093,0.600212
2022-06-07,0.247184,0.610825,0.359573,0.598071
2022-06-08,0.247383,0.610353,0.350706,0.594661
2022-06-09,0.248806,0.609644,0.356252,0.590162
2022-06-10,0.251531,0.609062,0.374271,0.589723
2022-06-13,0.255599,0.607374,0.404855,0.584682
2022-06-14,0.255576,0.607368,0.392572,0.584959
2022-06-15,0.256559,0.608336,0.390473,0.591312
2022-06-16,0.259295,0.605747,0.408337,0.581652
2022-06-17,0.259152,0.60685,0.397055,0.58345
2022-06-21,0.260503,0.606384,0.399425,0.579557
2022-06-22,0.260379,0.606173,0.387445,0.579686
2022-06-23,0.260522,0.606201,0.377079,0.580213
2022-06-24,0.262942,0.605464,0.391857,0.575752
2022-06-27,0.26303,0.605524,0.380952,0.576691
2022-06-28,0.264429,0.605528,0.387439,0.583372
2022-06-29,0.264434,0.605434,0.375857,0.582654
2022-06-30,0.264753,0.605782,0.368323,0.585186
2022-07-01,0.264754,0.605765,0.357139,0.585216
2022-07-05,0.264958,0.606462,0.350728,0.593722
2022-07-06,0.264994,0.60642,0.340717,0.594665
2022-07-07,0.266142,0.60603,0.343673,0.59127
2022-07-08,0.266017,0.606094,0.333217,0.591271
2022-07-11,0.266653,0.606907,0.333677,0.595853
2022-07-12,0.2667,0.606883,0.325205,0.596095
2022-07-13,0.266693,0.60691,0.315364,0.596021
2022-07-14,0.266705,0.606958,0.305862,0.596459
2022-07-15,0.267483,0.605186,0.309138,0.579053
2022-07-18,0.267197,0.605207,0.300436,0.577653
2022-07-19,0.269212,0.604239,0.319055,0.568228
2022-07-20,0.269378,0.605053,0.314477,0.574278
2022-07-21,0.269307,0.605356,0.308925,0.573127
2022-07-22,0.270065,0.605732,0.310198,0.581476
2022-07-25,0.269863,0.605866,0.301071,0.583014
2022-07-26,0.270607,0.606019,0.30249,0.58672
2022-07-27,0.273507,0.608019,0.332702,0.610867
2022-07-28,0.273613,0.607865,0.324721,0.607994
2022-07-29,0.274124,0.608589,0.322151,0.613275
2022-08-01,0.274082,0.608422,0.312351,0.613205
2022-08-02,0.274118,0.60829,0.303429,0.611804
2022-08-03,0.274763,0.608989,0.305117,0.616204
2022-08-04,0.274798,0.608993,0.296489,0.616636
2022-08-05,0.274788,0.609017,0.287873,0.618315
2022-08-08,0.275032,0.609089,0.282929,0.619843
2022-08-09,0.275285,0.608879,0.27835,0.615714
2022-08-10,0.276895,0.608477,0.294349,0.608765
2022-08-11,0.276913,0.608538,0.285721,0.609924
2022-08-12,0.27777,0.608223,0.28972,0.606443
2022-08-15,0.277794,0.608257,0.281896,0.606511
2022-08-16,0.277794,0.608269,0.273324,0.606643
2022-08-17,0.277873,0.60794,0.269044,0.60326
2022-08-18,0.277646,0.608096,0.26242,0.600104
2022-08-19,0.278499,0.607772,0.26895,0.598905
2022-08-22,0.279649,0.606541,0.282615,0.58994
2022-08-23,0.279101,0.606456,0.274012,0.589952
2022-08-24,0.279099,0.606478,0.265724,0.589917
2022-08-25,0.279978,0.605804,0.272001,0.579741
2022-08-26,0.283952,0.604173,0.322625,0.569286
2022-08-29,0.283867,0.60436,0.315926,0.570504
2022-08-30,0.283999,0.603986,0.30956,0.569922
2022-08-31,0.284139,0.603809,0.302533,0.568136
2022-09-01,0.28423,0.60398,0.294848,0.571173
2022-09-02,0.284469,0.604075,0.289812,0.573283
2022-09-06,0.284522,0.604003,0.282546,0.573533
2022-09-07,0.28505,0.603778,0.281566,0.570887
2022-09-08,0.285163,0.603382,0.275151,0.564845
2022-09-09,0.285941,0.603185,0.279045,0.564358
2022-09-12,0.286137,0.603163,0.274078,0.565565
2022-09-13,0.291981,0.60208,0.349896,0.570277
2022-09-14,0.292018,0.602124,0.339695,0.570209
2022-09-15,0.292173,0.602242,0.333308,0.571814
2022-09-16,0.292186,0.602198,0.323427,0.571274
2022-09-19,0.292088,0.602247,0.314835,0.57263
2022-09-20,0.291589,0.601949,0.308419,0.5676
2022-09-21,0.291979,0.601404,0.305235,0.561756
2022-09-22,0.291984,0.601255,0.3011,0.558583
2022-09-23,0.292136,0.600991,0.299244,0.551435
2022-09-26,0.292267,0.600723,0.292614,0.547658
2022-09-27,0.292267,0.600652,0.283756,0.547778
2022-09-28,0.291666,0.600301,0.284133,0.543602
2022-09-29,0.292913,0.600336,0.295766,0.551875
2022-09-30,0.293222,0.600255,0.292773,0.550447
2022-10-03,0.294293,0.599035,0.30219,0.536692
2022-10-04,0.295758,0.596772,0.323352,0.523626
2022-10-05,0.295363,0.596639,0.313502,0.523621
2022-10-06,0.29538,0.596375,0.305392,0.521861
2022-10-07,0.297743,0.596775,0.333874,0.541131
2022-10-10,0.298158,0.596104,0.3301,0.534749
2022-10-11,0.298337,0.596007,0.3236,0.534055
2022-10-12,0.298283,0.596109,0.313873,0.533908
2022-10-13,0.299589,0.5949,0.322649,0.525769
2022-10-14,0.300203,0.595694,0.332047,0.542085
2022-10-17,0.302072,0.596275,0.34736,0.55517
2022-10-18,0.302149,0.595813,0.338685,0.553085
2022-10-19,0.302043,0.595922,0.328872,0.551959
2022-10-20,0.302052,0.595899,0.319151,0.551223
2022-10-21,0.303266,0.593945,0.326559,0.532709
2022-10-24,0.303449,0.593697,0.319277,0.531956
2022-10-25,0.304071,0.594028,0.31953,0.540101
2022-10-26,0.304428,0.595802,0.318533,0.573617
2022-10-27,0.304685,0.596587,0.313178,0.587102
2022-10-28,0.306035,0.596088,0.32609,0.580816
2022-10-31,0.306212,0.596221,0.32006,0.584842
2022-11-01,0.30625,0.596479,0.311282,0.588985
2022-11-02,0.307421,0.596444,0.322715,0.589499
2022-11-03,0.307664,0.596382,0.319427,0.589295
2022-11-04,0.307965,0.594746,0.323793,0.581704
2022-11-07,0.308221,0.594666,0.317538,0.580122
2022-11-08,0.308276,0.594553,0.309299,0.577713
2022-11-09,0.309242,0.594326,0.316019,0.576862
2022-11-10,0.318218,0.595151,0.423431,0.591803
2022-11-11,0.318784,0.595319,0.417193,0.593342
2022-11-14,0.318697,0.595314,0.405704,0.593326
2022-11-15,0.319012,0.595263,0.396735,0.592607
2022-11-16,0.319325,0.59509,0.389407,0.591368
2022-11-17,0.319318,0.59516,0.37783,0.591621
2022-11-18,0.318939,0.594023,0.366372,0.590937
2022-11-21,0.318932,0.593867,0.356568,0.593045
2022-11-22,0.319446,0.593597,0.353093,0.590693
2022-11-23,0.319667,0.593873,0.345104,0.592877
2022-11-25,0.319594,0.593935,0.335337,0.594247
2022-11-28,0.319085,0.594075,0.332191,0.591077
2022-11-29,0.318371,0.593655,0.322668,0.592852
2022-11-30,0.321359,0.595482,0.358934,0.604111
2022-12-01,0.32116,0.595371,0.348013,0.603913
2022-12-02,0.32113,0.595333,0.338456,0.602169
2022-12-05,0.321384,0.594443,0.335948,0.594492
2022-12-06,0.321945,0.594867,0.336664,0.598689
2022-12-07,0.320428,0.594458,0.326836,0.59884
2022-12-08,0.320808,0.594649,0.32209,0.601115
2022-12-09,0.320662,0.594559,0.312482,0.601518
2022-12-12,0.320888,0.594478,0.309647,0.593924
2022-12-13,0.320808,0.594237,0.304774,0.596115
2022-12-14,0.320839,0.594246,0.296937,0.596806
2022-12-15,0.321083,0.593941,0.31512,0.590278
2022-12-16,0.320554,0.592875,0.307995,0.590655
2022-12-19,0.320682,0.593166,0.302493,0.595501
2022-12-20,0.320574,0.593258,0.293358,0.595517
2022-12-21,0.320045,0.593381,0.292112,0.58941
2022-12-22,0.320777,0.59401,0.300463,0.603676
2022-12-23,0.32064,0.594151,0.291515,0.603289
2022-12-27,0.320435,0.594913,0.289228,0.62122
2022-12-28,0.320564,0.594826,0.283761,0.619532
2022-12-29,0.321608,0.595198,0.291256,0.621844
2022-12-30,0.321577,0.595215,0.282391,0.62182
2023-01-03,0.321572,0.595281,0.274483,0.624308
2023-01-04,0.321409,0.594743,0.268367,0.616861
2023-01-05,0.32169,0.594701,0.267203,0.62027
2023-01-06,0.321798,0.593452,0.278742,0.603895
2023-01-09,0.321955,0.593866,0.272597,0.61098
2023-01-10,0.322046,0.593892,0.266942,0.61029
2023-01-11,0.322475,0.594186,0.266046,0.615112
2023-01-12,0.32239,0.594244,0.259646,0.616052
2023-01-13,0.322499,0.594285,0.253991,0.617356
2023-01-17,0.321804,0.59394,0.246461,0.620266
2023-01-18,0.322027,0.593392,0.245656,0.607549
2023-01-19,0.321341,0.593518,0.241502,0.601761
2023-01-20,0.322274,0.594585,0.256953,0.619839
2023-01-23,0.322734,0.595283,0.264507,0.626316
2023-01-24,0.321859,0.595483,0.256452,0.626361
2023-01-25,0.321852,0.595492,0.248664,0.626742
2023-01-26,0.321713,0.595746,0.248691,0.638567
2023-01-27,0.321875,0.596071,0.245474,0.647435
2023-01-30,0.322308,0.596845,0.250627,0.660138
2023-01-31,0.321249,0.596572,0.249137,0.657651
2023-02-01,0.320561,0.596902,0.253947,0.662726
2023-02-02,0.321945,0.600036,0.273195,0.710931
2023-02-03,0.321712,0.600244,0.268111,0.714782
2023-02-06,0.31972,0.598604,0.261055,0.713837
2023-02-07,0.320179,0.598839,0.265212,0.716889
2023-02-08,0.320449,0.598913,0.262789,0.71501
2023-02-09,0.320416,0.598929,0.257821,0.710885
2023-02-10,0.319756,0.599147,0.251758,0.715309
2023-02-13,0.319449,0.599356,0.250076,0.711272
2023-02-14,0.318152,0.599414,0.244794,0.71439
2023-02-15,0.318166,0.599388,0.237687,0.71425
2023-02-16,0.317344,0.599656,0.241331,0.706852
2023-02-17,0.317429,0.599735,0.235897,0.707653
2023-02-21,0.316867,0.599002,0.247028,0.683201
2023-02-22,0.31664,0.598917,0.239505,0.683097
2023-02-23,0.317095,0.600001,0.244288,0.700004
2023-02-24,0.316428,0.600111,0.240583,0.703443
2023-02-27,0.315321,0.599108,0.234226,0.703423
2023-02-28,0.314757,0.599987,0.22715,0.703328
2023-03-01,0.314839,0.600068,0.222249,0.705733
2023-03-02,0.31432,0.600753,0.217382,0.706126
2023-03-03,0.314419,0.601477,0.22746,0.689582
2023-03-06,0.314221,0.601463,0.220558,0.689635
2023-03-07,0.314281,0.600688,0.222294,0.663933
2023-03-08,0.312113,0.600831,0.216999,0.665418
2023-03-09,0.312948,0.599821,0.228458,0.62736
2023-03-10,0.311327,0.599249,0.229482,0.616986
2023-03-13,0.311215,0.599263,0.222591,0.613964
2023-03-14,0.311875,0.599161,0.237587,0.613296
2023-03-15,0.311488,0.59858,0.230539,0.608771
2023-03-16,0.310798,0.599134,0.244082,0.623966
2023-03-17,0.309263,0.598684,0.23872,0.613834
2023-03-20,0.309123,0.598617,0.232455,0.608628
2023-03-21,0.308973,0.597633,0.235394,0.60257
2023-03-22,0.309193,0.597144,0.23292,0.589339
2023-03-23,0.309092,0.597274,0.228693,0.595152
2023-03-24,0.3088,0.597594,0.22183,0.59482
2023-03-27,0.30754,0.5974,0.21514,0.597139
2023-03-28,0.307571,0.597441,0.209479,0.597854
2023-03-29,0.307855,0.597115,0.212784,0.593504
2023-03-30,0.307623,0.597359,0.207342,0.596284
2023-03-31,0.307859,0.597282,0.210086,0.593349
2023-04-03,0.307397,0.597589,0.204098,0.591289
2023-04-04,0.307444,0.597472,0.199105,0.58717
2023-04-05,0.307111,0.597246,0.195026,0.595331
2023-04-06,0.306493,0.597416,0.190714,0.603899
2023-04-10,0.305804,0.596269,0.185027,0.602017
2023-04-11,0.305837,0.596453,0.180448,0.608707
2023-04-12,0.305678,0.596093,0.177419,0.611412
2023-04-13,0.30521,0.595501,0.183709,0.615855
2023-04-14,0.305165,0.59553,0.178228,0.615935
2023-04-17,0.304814,0.595234,0.173095,0.613487
2023-04-18,0.304068,0.594814,0.168073,0.613948
2023-04-19,0.304026,0.59477,0.163043,0.614752
2023-04-20,0.30359,0.595187,0.161086,0.622414
2023-04-21,0.303447,0.594778,0.156201,0.622572
2023-04-24,0.302637,0.594544,0.151512,0.623106
2023-04-25,0.301896,0.595332,0.164284,0.60837
2023-04-26,0.301699,0.595543,0.160261,0.625406
2023-04-27,0.300091,0.596712,0.178712,0.65096
2023-04-28,0.300179,0.596427,0.176248,0.638008
2023-05-01,0.297543,0.596064,0.171373,0.638735
2023-05-02,0.294665,0.595632,0.176092,0.602446
2023-05-03,0.294203,0.595252,0.173118,0.596076
2023-05-04,0.294249,0.595211,0.169363,0.593128
2023-05-05,0.29319,0.596424,0.187024,0.585308
2023-05-08,0.289483,0.595494,0.181955,0.586852
2023-05-09,0.289465,0.595552,0.177474,0.589091
2023-05-10,0.286146,0.596519,0.175297,0.601816
2023-05-11,0.285916,0.596302,0.170101,0.603745
2023-05-12,0.284709,0.594969,0.165322,0.605368
2023-05-15,0.284731,0.594579,0.162489,0.599358
2023-05-16,0.282415,0.594318,0.157567,0.601222
2023-05-17,0.282701,0.593744,0.165535,0.583913
2023-05-18,0.281926,0.594521,0.175272,0.590344
2023-05-19,0.277504,0.59585,0.17016,0.591316
2023-05-22,0.277279,0.596361,0.164999,0.59198
2023-05-23,0.277464,0.596332,0.164766,0.596396
2023-05-24,0.276979,0.596347,0.161012,0.589951
2023-05-25,0.278925,0.599057,0.219379,0.695055
2023-05-26,0.279573,0.597797,0.233512,0.651339
2023-05-30,0.278289,0.598373,0.226785,0.654203
2023-05-31,0.276627,0.599067,0.223562,0.657062
2023-06-01,0.276891,0.599672,0.222839,0.666458
2023-06-02,0.27692,0.599303,0.219503,0.650745
2023-06-05,0.275734,0.599062,0.212979,0.649505
2023-06-06,0.274518,0.59836,0.206558,0.648767
2023-06-07,0.274786,0.599202,0.205323,0.668632
2023-06-08,0.274814,0.599572,0.202785,0.670575
2023-06-09,0.274613,0.599965,0.196804,0.670979
2023-06-12,0.273589,0.600129,0.201086,0.653591
2023-06-13,0.270982,0.600417,0.197076,0.655807
2023-06-14,0.266909,0.60154,0.194642,0.656483
2023-06-15,0.267024,0.601431,0.192082,0.651388
2023-06-16,0.26629,0.600669,0.187689,0.649258
2023-06-20,0.263159,0.602269,0.182048,0.646578
2023-06-21,0.263339,0.602216,0.180922,0.648197
2023-06-22,0.262083,0.60327,0.17697,0.658436
2023-06-23,0.262265,0.603061,0.175425,0.650225
2023-06-26,0.262505,0.603997,0.176484,0.675592
2023-06-27,0.260518,0.605031,0.181099,0.664914
2023-06-28,0.260387,0.604889,0.175582,0.66492
2023-06-29,0.258496,0.604138,0.170505,0.659904
2023-06-30,0.258796,0.604495,0.174735,0.662543
2023-07-03,0.258354,0.604151,0.169658,0.660812
2023-07-05,0.258359,0.604019,0.164631,0.658111
2023-07-06,0.258225,0.602679,0.163153,0.640145
2023-07-07,0.258221,0.60255,0.158522,0.638395
2023-07-10,0.257179,0.603153,0.153694,0.638962
2023-07-11,0.257218,0.603059,0.150611,0.633257
2023-07-12,0.25644,0.602886,0.153454,0.645349
2023-07-13,0.256638,0.603499,0.160507,0.667394
2023-07-14,0.256642,0.603461,0.155804,0.665991
2023-07-17,0.256732,0.603372,0.154397,0.659867
2023-07-18,0.255958,0.605021,0.153164,0.657261
2023-07-19,0.25587,0.605202,0.148528,0.656492
2023-07-20,0.25439,0.60786,0.156117,0.692713
2023-07-21,0.25406,0.607626,0.151633,0.697869
2023-07-24,0.253816,0.607791,0.1481,0.695238
2023-07-25,0.252912,0.607239,0.145554,0.698902
2023-07-26,0.252867,0.607039,0.141139,0.699222
2023-07-27,0.251932,0.606809,0.136872,0.698748
2023-07-28,0.249285,0.604864,0.146138,0.695863
2023-07-31,0.249143,0.605142,0.141819,0.6942
2023-08-01,0.248609,0.60466,0.137552,0.6955
2023-08-02,0.249782,0.604608,0.1607,0.664647
2023-08-03,0.249713,0.604764,0.155811,0.66467
2023-08-04,0.248942,0.604294,0.151299,0.663724
2023-08-07,0.249048,0.604036,0.151098,0.650405
2023-08-08,0.249096,0.603864,0.14833,0.649831
2023-08-09,0.249328,0.603917,0.156408,0.650911
2023-08-10,0.248983,0.604233,0.151644,0.650917
2023-08-11,0.247356,0.604907,0.149131,0.656037
2023-08-14,0.247822,0.605148,0.158511,0.66251
2023-08-15,0.24723,0.60491,0.159794,0.63999
2023-08-16,0.247413,0.604708,0.159871,0.630571
2023-08-17,0.247566,0.604563,0.158152,0.625007
2023-08-18,0.247245,0.604867,0.153372,0.625907
2023-08-21,0.247819,0.606075,0.165772,0.657337
2023-08-22,0.246802,0.60607,0.162117,0.652592
2023-08-23,0.245592,0.606945,0.169997,0.646991
2023-08-24,0.246323,0.606217,0.178947,0.620445
2023-08-25,0.246347,0.606087,0.174347,0.615407
2023-08-28,0.245509,0.606948,0.171955,0.612109
2023-08-29,0.241362,0.609386,0.184684,0.616246
2023-08-30,0.241074,0.609305,0.18049,0.616114
2023-08-31,0.240736,0.609454,0.17527,0.61607
2023-09-01,0.240479,0.609759,0.169947,0.615276
2023-09-05,0.24031,0.609385,0.16477,0.615311
2023-09-06,0.240224,0.609819,0.165036,0.630531
2023-09-07,0.240166,0.609922,0.161668,0.632493
2023-09-08,0.239672,0.610333,0.15679,0.632171
2023-09-11,0.239642,0.610928,0.155049,0.635564
2023-09-12,0.238992,0.61164,0.153286,0.643598
2023-09-13,0.238806,0.611722,0.149798,0.646734
2023-09-14,0.231234,0.613784,0.148169,0.639534
2023-09-15,0.231965,0.613582,0.158504,0.627377
2023-09-18,0.231507,0.61347,0.153908,0.627392
2023-09-19,0.231511,0.613486,0.149878,0.624796
2023-09-20,0.232062,0.613968,0.157489,0.639585
2023-09-21,0.232596,0.61397,0.169395,0.614223
2023-09-22,0.231965,0.614906,0.164254,0.614392
2023-09-25,0.23147,0.615559,0.160742,0.616876
2023-09-26,0.231349,0.616439,0.166866,0.60841
2023-09-27,0.231079,0.617016,0.162228,0.607718
2023-09-28,0.231163,0.616939,0.160153,0.605168
2023-09-29,0.230553,0.617726,0.155318,0.605726
2023-10-02,0.228766,0.618471,0.153453,0.631117
2023-10-03,0.228925,0.618723,0.163146,0.622294
2023-10-04,0.227731,0.621301,0.163727,0.627565
2023-10-05,0.225212,0.625054,0.158823,0.628321
2023-10-06,0.225663,0.624889,0.165691,0.624147
2023-10-09,0.225496,0.625167,0.161536,0.619803
2023-10-10,0.221698,0.625429,0.157856,0.615088
2023-10-11,0.221014,0.627234,0.155969,0.625735
2023-10-12,0.220592,0.627635,0.151391,0.625202
2023-10-13,0.220973,0.628119,0.153754,0.636788
2023-10-16,0.21963,0.630432,0.154607,0.629156
2023-10-17,0.217633,0.630066,0.151484,0.638739
2023-10-18,0.216015,0.629841,0.159538,0.633302
2023-10-19,0.216058,0.629883,0.157176,0.624526
2023-10-20,0.21653,0.629942,0.161857,0.619521
2023-10-23,0.216481,0.630314,0.157564,0.629387
2023-10-24,0.215166,0.633827,0.157894,0.617867
2023-10-25,0.216477,0.634408,0.179379,0.626586
2023-10-26,0.216589,0.635068,0.189069,0.643365
2023-10-27,0.215641,0.630803,0.183676,0.649018
2023-10-30,0.215485,0.628678,0.185692,0.642996
2023-10-31,0.213502,0.630319,0.180791,0.636683
2023-11-01,0.213744,0.629925,0.189854,0.639501
2023-11-02,0.214396,0.627282,0.199595,0.602757
2023-11-03,0.212409,0.627431,0.19934,0.59644
2023-11-06,0.211649,0.627798,0.194319,0.600862
2023-11-07,0.210482,0.629557,0.189906,0.603927
2023-11-08,0.210216,0.629977,0.184432,0.605608
2023-11-09,0.210262,0.630131,0.180242,0.602307
2023-11-10,0.209365,0.629978,0.192836,0.589389
2023-11-13,0.195989,0.633484,0.187006,0.589329
2023-11-14,0.195954,0.631917,0.195361,0.570648
2023-11-15,0.195721,0.632013,0.189421,0.570206
2023-11-16,0.195368,0.632482,0.18401,0.573407
2023-11-17,0.194615,0.633056,0.178485,0.571801
2023-11-20,0.194753,0.632865,0.177917,0.573794
2023-11-21,0.19488,0.632735,0.17379,0.572262
2023-11-22,0.194645,0.632187,0.168711,0.570957
2023-11-24,0.193949,0.633368,0.163871,0.574804
2023-11-27,0.193718,0.633049,0.158909,0.574028
2023-11-28,0.193583,0.6327,0.154109,0.574675
2023-11-29,0.192646,0.633766,0.149415,0.574924
2023-11-30,0.192569,0.633748,0.145124,0.581216
2023-12-01,0.187512,0.633569,0.140973,0.577934
2023-12-04,0.187961,0.633998,0.144123,0.589406
2023-12-05,0.187811,0.634848,0.140964,0.605216
2023-12-06,0.186984,0.636995,0.140156,0.608311
2023-12-07,0.186014,0.63662,0.148273,0.615969
2023-12-08,0.186002,0.636395,0.146433,0.611517
2023-12-11,0.18553,0.636153,0.142192,0.599578
2023-12-12,0.185567,0.636001,0.140867,0.600592
2023-12-13,0.185219,0.63651,0.143344,0.573734
2023-12-14,0.18485,0.636128,0.139861,0.563192
2023-12-15,0.184651,0.636086,0.136861,0.566728
2023-12-18,0.181457,0.638965,0.136085,0.578637
2023-12-19,0.181094,0.638823,0.133263,0.570967
2023-12-20,0.181455,0.635371,0.144119,0.52639
2023-12-21,0.18179,0.634189,0.149205,0.510279
2023-12-22,0.181147,0.635514,0.14473,0.509334
2023-12-26,0.17904,0.633373,0.141786,0.503875
2023-12-27,0.179039,0.633412,0.13757,0.503384
2023-12-28,0.17816,0.630097,0.133383,0.503368
2023-12-29,0.177756,0.63038,0.130045,0.503636
2024-01-02,0.176916,0.631252,0.135424,0.540816
2024-01-03,0.177108,0.631043,0.133841,0.539032
2024-01-04,0.177053,0.630672,0.130448,0.543045
2024-01-05,0.176925,0.6316,0.127447,0.544079
2024-01-08,0.177154,0.631697,0.149533,0.588545
2024-01-09,0.175445,0.634576,0.14509,0.591004
2024-01-10,0.1754,0.63415,0.144067,0.604796
2024-01-11,0.175229,0.634336,0.13974,0.604902
2024-01-12,0.17467,0.633929,0.1355,0.604983
2024-01-16,0.174572,0.633878,0.131499,0.605843
2024-01-17,0.174612,0.63354,0.129696,0.600271
2024-01-18,0.174985,0.633285,0.135776,0.602835
2024-01-19,0.175123,0.633584,0.152332,0.577189
2024-01-22,0.174695,0.634517,0.147879,0.576089
2024-01-23,0.172848,0.632925,0.143888,0.578292
2024-01-24,0.171619,0.632345,0.141716,0.582687
2024-01-25,0.171617,0.632149,0.138164,0.577258
2024-01-26,0.171685,0.631833,0.134735,0.575109
2024-01-29,0.17129,0.630455,0.135689,0.580108
2024-01-30,0.171057,0.629642,0.132075,0.583846
2024-01-31,0.171166,0.628297,0.151952,0.612731
2024-02-01,0.171073,0.628259,0.155509,0.611003
2024-02-02,0.17107,0.630116,0.169879,0.663227
2024-02-05,0.168624,0.621337,0.165123,0.666244
2024-02-06,0.168174,0.62015,0.160176,0.664777
2024-02-07,0.168289,0.620109,0.161809,0.661067
2024-02-08,0.167247,0.618481,0.156885,0.660821
2024-02-09,0.166759,0.61868,0.157708,0.671925
2024-02-12,0.166385,0.619313,0.153195,0.67491
2024-02-13,0.166868,0.61691,0.158272,0.64798
2024-02-14,0.166705,0.616297,0.159872,0.635114
2024-02-15,0.16656,0.61582,0.155067,0.632725
2024-02-16,0.166695,0.615876,0.151709,0.632994
2024-02-20,0.165897,0.615914,0.15229,0.63579
2024-02-21,0.165682,0.615572,0.14797,0.63623
2024-02-22,0.167208,0.620647,0.200684,0.664566
2024-02-23,0.167223,0.620837,0.194625,0.664886
2024-02-26,0.166344,0.618245,0.188921,0.666901
2024-02-27,0.165853,0.617243,0.183348,0.666502
2024-02-28,0.165932,0.617399,0.178562,0.667859
2024-02-29,0.16605,0.617387,0.176559,0.665755
2024-03-01,0.166174,0.615274,0.179089,0.638994
2024-03-04,0.16611,0.61532,0.173665,0.639809
2024-03-05,0.165431,0.615633,0.174232,0.636398
2024-03-06,0.165481,0.615378,0.170526,0.630728
2024-03-07,0.165043,0.618593,0.174898,0.637022
2024-03-08,0.165566,0.618,0.175832,0.630774
2024-03-11,0.163788,0.622293,0.171143,0.63041
2024-03-12,0.163529,0.62507,0.17846,0.647621
2024-03-13,0.163638,0.625792,0.174102,0.646401
2024-03-14,0.162007,0.625662,0.169167,0.642692
2024-03-15,0.162195,0.626844,0.166239,0.64317
2024-03-18,0.160676,0.625411,0.165168,0.64857
2024-03-19,0.160377,0.627339,0.160898,0.649658
2024-03-20,0.160628,0.62735,0.162394,0.639292
2024-03-21,0.159915,0.627397,0.158955,0.618371
2024-03-22,0.159312,0.629998,0.154678,0.625786
2024-03-25,0.159177,0.629496,0.150057,0.626215
2024-03-26,0.159259,0.62985,0.14646,0.629543
2024-03-27,0.159251,0.628837,0.143258,0.617966
2024-03-28,0.159126,0.628923,0.138942,0.61887
2024-04-01,0.158473,0.629633,0.135047,0.620862
2024-04-02,0.158717,0.628923,0.134182,0.613191
2024-04-03,0.158109,0.629455,0.130316,0.61314
2024-04-04,0.159026,0.627748,0.139689,0.585437
2024-04-05,0.159197,0.628259,0.143556,0.586388
2024-04-08,0.158975,0.627298,0.139278,0.585935
2024-04-09,0.15891,0.62675,0.135119,0.585219
2024-04-10,0.159094,0.625598,0.132951,0.567914
2024-04-11,0.15952,0.626459,0.141991,0.611729
2024-04-12,0.160283,0.62318,0.151678,0.568317
2024-04-15,0.160392,0.623953,0.157072,0.589512
2024-04-16,0.160406,0.623987,0.152296,0.589632
2024-04-17,0.160863,0.624002,0.153158,0.591487
2024-04-18,0.160927,0.623954,0.148939,0.591291
2024-04-19,0.162419,0.628214,0.16464,0.657065
2024-04-22,0.162447,0.62755,0.165866,0.652571
2024-04-23,0.163036,0.627169,0.17173,0.643081
2024-04-24,0.163024,0.627105,0.166504,0.6431
2024-04-25,0.161756,0.628376,0.161651,0.643699
2024-04-26,0.162611,0.631024,0.172645,0.689386
2024-04-29,0.16126,0.629133,0.167932,0.688535
2024-04-30,0.162241,0.629614,0.17618,0.677341
2024-05-01,0.162476,0.628686,0.173154,0.666541
2024-05-02,0.16201,0.632413,0.175163,0.672358
2024-05-03,0.162557,0.634159,0.183473,0.679827
2024-05-06,0.162825,0.63379,0.185883,0.665694
2024-05-07,0.161496,0.635088,0.180533,0.665407
2024-05-08,0.161484,0.635068,0.17507,0.66476
2024-05-09,0.161343,0.634922,0.169838,0.663742
2024-05-10,0.161198,0.634168,0.164919,0.661404
2024-05-13,0.161198,0.634176,0.160113,0.662199
2024-05-14,0.161225,0.633889,0.157853,0.657801
2024-05-15,0.161687,0.63322,0.163777,0.637425
2024-05-16,0.161725,0.633358,0.158947,0.637311
2024-05-17,0.161076,0.634729,0.154113,0.637535
2024-05-20,0.160248,0.634914,0.150103,0.641562
2024-05-21,0.160207,0.634911,0.146101,0.644642
2024-05-22,0.160279,0.634973,0.142192,0.644767
2024-05-23,0.159885,0.633827,0.138119,0.633246
2024-05-24,0.159956,0.634729,0.139639,0.638417
2024-05-28,0.155478,0.625057,0.138274,0.662187
2024-05-29,0.15388,0.628552,0.135533,0.647191
2024-05-30,0.154265,0.629691,0.136505,0.66926
2024-05-31,0.153817,0.628846,0.133125,0.658159
2024-06-03,0.153432,0.628168,0.131199,0.676631
2024-06-04,0.153201,0.62986,0.127609,0.678179
2024-06-05,0.153892,0.63028,0.139405,0.669912
2024-06-06,0.1539,0.630269,0.135158,0.669916
2024-06-07,0.153335,0.627513,0.131042,0.669882
2024-06-10,0.153113,0.627111,0.127569,0.667184
2024-06-11,0.153166,0.627844,0.125624,0.689026
2024-06-12,0.152786,0.630178,0.129954,0.705211
2024-06-13,0.152739,0.629789,0.128152,0.698353
2024-06-14,0.15253,0.629636,0.12447,0.698724
2024-06-17,0.152541,0.629237,0.126123,0.672781
2024-06-18,0.152358,0.629415,0.122772,0.669037
2024-06-20,0.152476,0.630494,0.120677,0.678013
2024-06-21,0.152137,0.63011,0.118269,0.67438
2024-06-24,0.152352,0.630804,0.118485,0.701489
2024-06-25,0.152209,0.633693,0.121703,0.751818
2024-06-26,0.151623,0.631371,0.119619,0.7606
2024-06-27,0.151018,0.63179,0.115976,0.760484
2024-06-28,0.151145,0.63276,0.11396,0.776219
2024-07-01,0.151261,0.633723,0.114351,0.793577
2024-07-02,0.150809,0.633257,0.114383,0.783098
2024-07-03,0.150998,0.633717,0.116492,0.781429
2024-07-05,0.151064,0.634447,0.116391,0.783038
2024-07-08,0.150717,0.635979,0.113623,0.777487
2024-07-09,0.150659,0.636258,0.110779,0.779468
2024-07-10,0.15103,0.635495,0.117856,0.746798
2024-07-11,0.152493,0.640062,0.137503,0.786695
2024-07-12,0.152177,0.639163,0.134936,0.777323
2024-07-15,0.151547,0.637552,0.131367,0.774442
2024-07-16,0.151513,0.637963,0.127366,0.774104
2024-07-17,0.153339,0.63987,0.152324,0.75276
2024-07-18,0.153369,0.638973,0.149563,0.738045
2024-07-19,0.153749,0.638168,0.149547,0.722006
2024-07-22,0.15329,0.635747,0.154266,0.719318
2024-07-23,0.153257,0.635078,0.149587,0.718829
2024-07-24,0.156957,0.638999,0.192458,0.720167
2024-07-25,0.157172,0.639441,0.189284,0.724178
2024-07-26,0.15741,0.638539,0.187584,0.708949
2024-07-29,0.157422,0.63838,0.181886,0.708435
2024-07-30,0.15742,0.63863,0.183649,0.710396
2024-07-31,0.159802,0.638966,0.210137,0.692394
2024-08-01,0.161519,0.635356,0.22138,0.658315
2024-08-02,0.161948,0.630321,0.236849,0.614786
2024-08-05,0.165859,0.630684,0.266114,0.620906
2024-08-06,0.166046,0.630633,0.260715,0.620212
2024-08-07,0.166319,0.630454,0.25668,0.61637
2024-08-08,0.168751,0.624805,0.275656,0.585704
2024-08-09,0.16794,0.62451,0.268132,0.585925
2024-08-12,0.167955,0.624707,0.260405,0.587804
2024-08-13,0.169206,0.623984,0.268204,0.589656
2024-08-14,0.168524,0.623162,0.260432,0.587985
2024-08-15,0.16935,0.622592,0.26707,0.579356
2024-08-16,0.168956,0.623172,0.25926,0.579306
2024-08-19,0.169052,0.623626,0.256244,0.581331
2024-08-20,0.169078,0.623487,0.248592,0.581398
2024-08-21,0.168199,0.621547,0.241319,0.581109
2024-08-22,0.168882,0.622248,0.241264,0.586187
2024-08-23,0.168606,0.622288,0.239475,0.58763
2024-08-26,0.167708,0.624128,0.233899,0.587762
2024-08-27,0.167684,0.624362,0.226819,0.58761
2024-08-28,0.167902,0.62447,0.222861,0.588195
2024-08-29,0.166874,0.624818,0.216359,0.591596
2024-08-30,0.167238,0.623739,0.216021,0.582206
2024-09-03,0.170688,0.622809,0.245126,0.587666
2024-09-04,0.170736,0.622939,0.237913,0.588798
2024-09-05,0.170737,0.622824,0.230666,0.588657
2024-09-06,0.172274,0.620987,0.243221,0.588166
2024-09-09,0.172596,0.619628,0.241993,0.57931
2024-09-10,0.172703,0.619765,0.236363,0.581145
2024-09-11,0.173631,0.621134,0.242467,0.597777
2024-09-12,0.173521,0.620923,0.237158,0.600976
2024-09-13,0.17356,0.62041,0.231297,0.596927
2024-09-16,0.173483,0.621024,0.224372,0.598974
2024-09-17,0.172474,0.621601,0.217581,0.599143
2024-09-18,0.172554,0.621346,0.211482,0.597504
2024-09-19,0.173701,0.621919,0.222197,0.60438
2024-09-20,0.172862,0.621147,0.215452,0.604771
2024-09-23,0.171648,0.622614,0.209349,0.602397
2024-09-24,0.171682,0.622811,0.20399,0.605233
2024-09-25,0.171637,0.622706,0.197888,0.606135
2024-09-26,0.170895,0.622532,0.194317,0.593185
2024-09-27,0.170999,0.62252,0.189154,0.593365
2024-09-30,0.170908,0.622723,0.184051,0.595351
2024-10-01,0.171633,0.622683,0.186608,0.597518
2024-10-02,0.17153,0.621633,0.181042,0.596648
2024-10-03,0.170482,0.622212,0.175728,0.597773
2024-10-04,0.170567,0.621198,0.176999,0.587392
2024-10-07,0.170891,0.621213,0.174984,0.589269
2024-10-08,0.170724,0.621716,0.177624,0.597375
2024-10-09,0.170769,0.621403,0.17402,0.588438
2024-10-10,0.170744,0.621484,0.168719,0.58841
2024-10-11,0.170656,0.620696,0.164425,0.580275
2024-10-14,0.170734,0.620918,0.162376,0.584307
2024-10-15,0.170796,0.618459,0.164806,0.563023
2024-10-16,0.170598,0.618544,0.160976,0.559207
2024-10-17,0.170441,0.617903,0.156238,0.558526
2024-10-18,0.169524,0.618166,0.152269,0.560365
2024-10-21,0.169286,0.618876,0.147914,0.567189
2024-10-22,0.168541,0.619158,0.143432,0.568086
2024-10-23,0.169218,0.619593,0.148452,0.587811
2024-10-24,0.169055,0.620398,0.145746,0.597438
2024-10-25,0.167064,0.619987,0.142092,0.603464
2024-10-28,0.165732,0.618376,0.137901,0.602614
2024-10-29,0.165787,0.618274,0.135971,0.604482
2024-10-30,0.165626,0.617217,0.134636,0.583017
2024-10-31,0.167707,0.619336,0.161673,0.624186
2024-11-01,0.166906,0.619005,0.158712,0.626983
2024-11-04,0.166019,0.621866,0.154745,0.626594
2024-11-05,0.166299,0.620954,0.162434,0.598855
2024-11-06,0.168605,0.616011,0.195237,0.549618
2024-11-07,0.168863,0.61667,0.195011,0.564165
2024-11-08,0.168864,0.616693,0.189087,0.563661
2024-11-11,0.168766,0.617025,0.183749,0.563725
2024-11-12,0.167724,0.617414,0.178471,0.557588
2024-11-13,0.167757,0.6173,0.173334,0.556721
2024-11-14,0.167002,0.618741,0.169007,0.553422
2024-11-15,0.16813,0.618955,0.177977,0.567446
2024-11-18,0.168144,0.618805,0.173296,0.56703
2024-11-19,0.168253,0.619662,0.170598,0.584405
2024-11-20,0.168034,0.619825,0.165504,0.585571
2024-11-21,0.167891,0.619862,0.160723,0.577125
2024-11-22,0.167894,0.620041,0.155831,0.576527
2024-11-25,0.167845,0.619658,0.15125,0.573761
2024-11-26,0.167893,0.620173,0.148634,0.584032
2024-11-27,0.168102,0.619899,0.146524,0.580786
2024-11-29,0.168214,0.619765,0.145365,0.582791
2024-12-02,0.168273,0.619576,0.143901,0.592382
2024-12-03,0.168283,0.61975,0.140212,0.597731
2024-12-04,0.167924,0.619953,0.140775,0.614431
2024-12-05,0.167939,0.619155,0.136738,0.610287
2024-12-06,0.167686,0.618957,0.133878,0.607595
2024-12-09,0.167326,0.6179,0.132092,0.59355
2024-12-10,0.167333,0.617232,0.129071,0.578662
2024-12-11,0.167869,0.618176,0.138077,0.606478
2024-12-12,0.167965,0.61785,0.136235,0.600731
2024-12-13,0.167731,0.61811,0.133688,0.569673
2024-12-16,0.167892,0.618274,0.134604,0.569214
2024-12-17,0.167935,0.617888,0.131159,0.56429
2024-12-18,0.170825,0.612748,0.173519,0.521171
2024-12-19,0.170883,0.612033,0.16903,0.51072
2024-12-20,0.170316,0.61381,0.171127,0.504531
2024-12-23,0.170244,0.614702,0.172754,0.507549
2024-12-24,0.170502,0.61433,0.172756,0.508298
2024-12-26,0.170472,0.614666,0.167499,0.50851
2024-12-27,0.171029,0.614966,0.169276,0.520658
2024-12-30,0.171546,0.613569,0.170523,0.508209
2024-12-31,0.171684,0.614168,0.167599,0.518142
2025-01-02,0.171104,0.613096,0.162496,0.518136
2025-01-03,0.171449,0.61337,0.168066,0.531639
2025-01-06,0.171622,0.61402,0.168192,0.552698
2025-01-07,0.172488,0.615728,0.174346,0.582461
2025-01-08,0.171316,0.614728,0.169097,0.582218
2025-01-10,0.172138,0.614,0.174525,0.575736
2025-01-13,0.172057,0.613857,0.169547,0.579298
2025-01-14,0.172107,0.614152,0.16476,0.582705
2025-01-15,0.173362,0.614434,0.181435,0.594393
2025-01-16,0.17353,0.615799,0.177587,0.610805
2025-01-17,0.173807,0.615907,0.180241,0.609012
2025-01-21,0.173556,0.614932,0.177905,0.592696
2025-01-22,0.17291,0.617135,0.178697,0.607342
2025-01-23,0.172942,0.616882,0.174248,0.601876
2025-01-24,0.172994,0.617058,0.169399,0.604414
2025-01-27,0.176229,0.618003,0.20759,0.620108
2025-01-28,0.177004,0.622024,0.213007,0.66311
2025-01-29,0.177057,0.622653,0.207564,0.667051
2025-01-30,0.176949,0.621542,0.202876,0.651367
2025-01-31,0.176983,0.621386,0.197387,0.651369
2025-02-03,0.175976,0.621422,0.195856,0.66067
2025-02-04,0.176064,0.621162,0.19761,0.652633
2025-02-05,0.175079,0.617757,0.192456,0.644579
2025-02-06,0.175176,0.61775,0.188751,0.645545
2025-02-07,0.175596,0.618035,0.187845,0.647628
2025-02-10,0.175581,0.61723,0.187475,0.634087
2025-02-11,0.17558,0.617211,0.181772,0.633956
2025-02-12,0.17533,0.616537,0.176256,0.634079
2025-02-13,0.175656,0.616582,0.177609,0.637002
2025-02-14,0.174987,0.617805,0.172294,0.638899
2025-02-18,0.1747,0.618019,0.167669,0.631513
2025-02-19,0.174701,0.617994,0.162584,0.631877
2025-02-20,0.17464,0.617705,0.158152,0.628337
2025-02-21,0.175589,0.616579,0.17234,0.612805
2025-02-24,0.175991,0.616149,0.172718,0.60755
2025-02-25,0.172812,0.613572,0.171871,0.618683
2025-02-26,0.172841,0.613294,0.167677,0.613943
2025-02-27,0.174962,0.613914,0.192168,0.624362
2025-02-28,0.175732,0.613658,0.198195,0.619578
2025-03-03,0.17783,0.614741,0.218525,0.630351
2025-03-04,0.177776,0.613765,0.213118,0.621312
2025-03-05,0.177814,0.614523,0.213722,0.613616
2025-03-06,0.179588,0.612372,0.22791,0.595182
2025-03-07,0.179378,0.61175,0.224032,0.588008
2025-03-10,0.183308,0.611904,0.261208,0.594533
2025-03-11,0.182786,0.611312,0.253391,0.593872
2025-03-12,0.182883,0.612185,0.252101,0.599642
2025-03-13,0.18355,0.612303,0.251825,0.601144
2025-03-14,0.184407,0.610092,0.262357,0.594728
2025-03-17,0.18433,0.609844,0.254558,0.591482
2025-03-18,0.184987,0.610568,0.253853,0.596278
2025-03-19,0.185267,0.610206,0.251579,0.594215
2025-03-20,0.185087,0.609774,0.244037,0.593746
2025-03-21,0.185071,0.609893,0.236891,0.595936
2025-03-24,0.185772,0.610099,0.24265,0.596002
2025-03-25,0.185711,0.611067,0.235382,0.597531
2025-03-26,0.186936,0.611677,0.242181,0.606815
2025-03-27,0.187093,0.611266,0.236519,0.603565
2025-03-28,0.188531,0.611546,0.24636,0.608432
2025-03-31,0.188483,0.611867,0.238941,0.607549
2025-04-01,0.188529,0.612271,0.232445,0.612605
2025-04-02,0.188631,0.611896,0.226997,0.609004
2025-04-03,0.197183,0.607988,0.313587,0.585947
2025-04-04,0.207048,0.592081,0.390055,0.527114
2025-04-07,0.206522,0.592709,0.378626,0.526903
2025-04-08,0.206783,0.59338,0.372244,0.531716
2025-04-09,0.234127,0.587979,0.559232,0.553531
2025-04-10,0.237848,0.586396,0.56562,0.55206
2025-04-11,0.238608,0.586677,0.554064,0.552516
2025-04-14,0.238223,0.585453,0.537815,0.551667
2025-04-15,0.23763,0.586552,0.521435,0.551702
2025-04-16,0.239175,0.587195,0.519154,0.557312
2025-04-17,0.239179,0.587287,0.503359,0.557568
2025-04-21,0.240425,0.586816,0.498656,0.557418
2025-04-22,0.241544,0.586383,0.49223,0.556789
2025-04-23,0.241736,0.584598,0.485889,0.559028
2025-04-24,0.242839,0.583747,0.481956,0.556921
2025-04-25,0.242793,0.584311,0.470764,0.559548
2025-04-28,0.242801,0.584382,0.456466,0.559774
2025-04-29,0.242808,0.584323,0.442839,0.559637
2025-04-30,0.24214,0.582459,0.429378,0.55939
2025-05-01,0.242304,0.583584,0.418095,0.565616
2025-05-02,0.242083,0.582229,0.409788,0.559299
2025-05-05,0.242096,0.582596,0.398424,0.559723
2025-05-06,0.241995,0.581721,0.387946,0.557504
2025-05-07,0.241393,0.580813,0.376327,0.556451
2025-05-08,0.241117,0.581091,0.365936,0.557063
2025-05-09,0.241099,0.581071,0.354811,0.556972
2025-05-12,0.244287,0.581803,0.37742,0.565506
2025-05-13,0.244575,0.58242,0.369199,0.56999
2025-05-14,0.24461,0.582865,0.358525,0.573362
2025-05-15,0.244607,0.5828,0.347647,0.572578
2025-05-16,0.244572,0.582708,0.337845,0.57139
2025-05-19,0.244158,0.582989,0.32762,0.571068
2025-05-20,0.244194,0.583095,0.318051,0.571909
2025-05-21,0.244653,0.582165,0.313327,0.564314
2025-05-22,0.244635,0.582073,0.303794,0.564584
2025-05-23,0.244813,0.582329,0.296638,0.567967
2025-05-27,0.245743,0.582376,0.300419,0.569711
2025-05-28,0.245753,0.5827,0.29149,0.569814
2025-05-29,0.245602,0.582587,0.283202,0.570885
2025-05-30,0.245517,0.582134,0.274577,0.571092
2025-06-02,0.245532,0.582316,0.267654,0.569224
2025-06-03,0.245416,0.58153,0.26122,0.566179
2025-06-04,0.245405,0.581697,0.253463,0.566476
2025-06-05,0.245465,0.581436,0.24716,0.568053
2025-06-06,0.245685,0.581748,0.243617,0.57384
2025-06-09,0.245194,0.581501,0.236643,0.57433
2025-06-10,0.245282,0.581486,0.231212,0.573967
2025-06-11,0.245303,0.581637,0.224382,0.576197
2025-06-12,0.245327,0.581598,0.218347,0.574683
2025-06-13,0.245534,0.581027,0.215601,0.571856
2025-06-16,0.245515,0.580561,0.213551,0.573265
2025-06-17,0.245625,0.580384,0.209638,0.569805
2025-06-18,0.245622,0.58037,0.203254,0.569836
2025-06-20,0.245528,0.580659,0.198056,0.571114
2025-06-23,0.245664,0.580449,0.195199,0.564738
2025-06-24,0.245923,0.579699,0.196141,0.55134
2025-06-25,0.245922,0.580007,0.191458,0.559051
2025-06-26,0.24589,0.579412,0.188292,0.557824
2025-06-27,0.245736,0.578609,0.183522,0.563442
2025-06-30,0.245736,0.578268,0.179006,0.558301
2025-07-01,0.245845,0.578385,0.175462,0.561999
2025-07-02,0.245917,0.578296,0.173532,0.569887
2025-07-03,0.245983,0.577762,0.172374,0.565491
2025-07-07,0.246041,0.577804,0.169762,0.569017
2025-07-08,0.245895,0.577545,0.16459,0.569014
2025-07-09,0.245934,0.577471,0.163027,0.573278
2025-07-10,0.24593,0.57752,0.158476,0.574189
2025-07-11,0.245924,0.577406,0.15369,0.572839
2025-07-14,0.245637,0.577354,0.149035,0.57228
2025-07-15,0.2448,0.575508,0.144861,0.578308
2025-07-16,0.24477,0.575535,0.141058,0.575681
2025-07-17,0.2448,0.575496,0.138248,0.572371
2025-07-18,0.244803,0.575408,0.134067,0.571049
2025-07-21,0.243668,0.574232,0.130769,0.573846
2025-07-22,0.243642,0.574518,0.128318,0.573594
2025-07-23,0.243609,0.574223,0.130683,0.545423
2025-07-24,0.243287,0.573869,0.127254,0.547818
2025-07-25,0.243296,0.573869,0.124072,0.545482
2025-07-28,0.240986,0.571184,0.120973,0.549304
2025-07-29,0.240858,0.570826,0.118221,0.550407
2025-07-30,0.240691,0.571135,0.11479,0.551173
2025-07-31,0.240769,0.570447,0.113225,0.509775
2025-08-01,0.241142,0.570816,0.131289,0.57142
2025-08-04,0.240025,0.569768,0.142175,0.571989
2025-08-05,0.238928,0.570766,0.138334,0.574325
2025-08-06,0.23766,0.573142,0.14177,0.593272
2025-08-07,0.234945,0.571763,0.137853,0.597182
2025-08-08,0.235058,0.57193,0.142025,0.602902
2025-08-11,0.234731,0.572163,0.137898,0.603122
2025-08-12,0.233183,0.573637,0.142596,0.57672
2025-08-13,0.233147,0.573632,0.138253,0.576805
2025-08-14,0.233135,0.573532,0.1344,0.577788
2025-08-15,0.232121,0.573189,0.130898,0.577181
2025-08-18,0.232109,0.573287,0.126913,0.577105
2025-08-19,0.231474,0.574091,0.131208,0.587327
2025-08-20,0.231553,0.574301,0.129037,0.595988
2025-08-21,0.231283,0.574102,0.125735,0.595397
2025-08-22,0.231745,0.574194,0.136584,0.594556
2025-08-25,0.231757,0.57404,0.132709,0.589233
2025-08-26,0.231246,0.573507,0.130644,0.581229
2025-08-27,0.230925,0.573352,0.126955,0.580457
2025-08-28,0.230832,0.573239,0.125303,0.573929
2025-08-29,0.231084,0.573277,0.127293,0.576134
2025-09-02,0.230991,0.573408,0.126348,0.58455
2025-09-03,0.231118,0.573992,0.128005,0.62979
2025-09-04,0.230956,0.574352,0.129724,0.620396
2025-09-05,0.228461,0.573891,0.125788,0.622262
2025-09-08,0.228441,0.573715,0.122824,0.616832
2025-09-09,0.228479,0.573829,0.12101,0.615133
2025-09-10,0.227172,0.572642,0.123468,0.547577
2025-09-11,0.226849,0.573177,0.121379,0.547829
2025-09-12,0.226773,0.573157,0.118191,0.558292
2025-09-15,0.226088,0.572165,0.119576,0.576816
2025-09-16,0.225994,0.571927,0.11599,0.576837
2025-09-17,0.225973,0.572262,0.113122,0.582824
2025-09-18,0.226033,0.572003,0.113186,0.578475
2025-09-19,0.226118,0.572236,0.11342,0.594197
2025-09-22,0.226119,0.572653,0.112707,0.615088
2025-09-23,0.225295,0.572504,0.112386,0.639964
2025-09-24,0.22534,0.572426,0.109962,0.637901
2025-09-25,0.225359,0.572428,0.107121,0.633561
2025-09-26,0.225335,0.572269,0.104811,0.630216
2025-09-29,0.225336,0.572271,0.101883,0.633252
2025-09-30,0.225284,0.572688,0.101421,0.621303
2025-10-01,0.225351,0.572165,0.104196,0.574382
2025-10-02,0.225334,0.572094,0.101323,0.574252
2025-10-03,0.224834,0.571961,0.0983945,0.576711
2025-10-06,0.22493,0.571802,0.100048,0.560338
2025-10-07,0.224991,0.571863,0.0983189,0.56623
2025-10-08,0.224862,0.571968,0.10202,0.549673
2025-10-09,0.22465,0.571827,0.0989839,0.548317
2025-10-10,0.226749,0.570709,0.15722,0.54199
2025-10-13,0.227476,0.570218,0.171076,0.525946
2025-10-14,0.227606,0.570585,0.16789,0.535343
2025-10-15,0.227671,0.570603,0.165282,0.529936
2025-10-16,0.227604,0.570354,0.160705,0.527797
2025-10-17,0.227231,0.57123,0.157006,0.532084
2025-10-20,0.227449,0.57135,0.158985,0.535571
2025-10-21,0.227462,0.571371,0.154242,0.535943
2025-10-22,0.227565,0.571155,0.151554,0.532101
2025-10-23,0.227651,0.570929,0.149767,0.528257
2025-10-24,0.227926,0.570828,0.152859,0.527366
2025-10-27,0.227956,0.570846,0.161013,0.552224
2025-10-28,0.227996,0.571044,0.158834,0.568102
2025-10-29,0.228033,0.571147,0.155826,0.57669
2025-10-30,0.228336,0.571688,0.156499,0.592273
2025-10-31,0.228289,0.571664,0.152332,0.59397
2025-11-03,0.228155,0.572345,0.148485,0.599719
2025-11-04,0.227347,0.570626,0.156851,0.591024
2025-11-05,0.227318,0.570328,0.15328,0.582292
2025-11-06,0.227722,0.570641,0.157404,0.590786
2025-11-07,0.227254,0.571297,0.152725,0.59216
2025-11-10,0.22634,0.573637,0.169408,0.600685
2025-11-11,0.226076,0.573045,0.164248,0.600606
2025-11-12,0.226075,0.573056,0.159269,0.598976
2025-11-13,0.226965,0.572703,0.171913,0.585972
2025-11-14,0.226934,0.573067,0.166772,0.586734
2025-11-17,0.227089,0.572747,0.164734,0.577136
2025-11-18,0.227383,0.573288,0.166205,0.587244
2025-11-19,0.226677,0.572913,0.163552,0.58831
2025-11-20,0.227689,0.571416,0.177633,0.550796
2025-11-21,0.227669,0.57077,0.174286,0.548737
2025-11-24,0.228738,0.570386,0.19158,0.545339
2025-11-25,0.228806,0.57024,0.187618,0.537756
2025-11-26,0.228925,0.569862,0.1849,0.529827
2025-11-28,0.228975,0.569701,0.180762,0.524538
2025-12-01,0.228995,0.568998,0.176258,0.515877
2025-12-02,0.228882,0.569144,0.171774,0.517836
2025-12-03,0.22878,0.569062,0.166619,0.515315
2025-12-04,0.228692,0.568809,0.161567,0.516005
2025-12-05,0.228687,0.56867,0.157091,0.514275
2025-12-08,0.228538,0.568236,0.152309,0.514312
2025-12-09,0.228518,0.568378,0.14767,0.514328
2025-12-10,0.228548,0.567976,0.14526,0.496155
2025-12-11,0.228453,0.568452,0.141119,0.500052
2025-12-12,0.228976,0.567963,0.149071,0.483019
2025-12-15,0.228587,0.567188,0.145109,0.482523
2025-12-16,0.228469,0.567252,0.140708,0.481412
2025-12-17,0.229167,0.567586,0.152299,0.493221
2025-12-18,0.229306,0.567709,0.15545,0.504312
2025-12-19,0.229627,0.567494,0.159995,0.498102
2025-12-22,0.22752,0.56922,0.157055,0.493231
2025-12-23,0.227538,0.570003,0.154847,0.504792
2025-12-24,0.227258,0.570281,0.150747,0.501804
2025-12-26,0.22698,0.570304,0.146155,0.501807
2025-12-29,0.226811,0.570396,0.142335,0.503534
2025-12-30,0.226817,0.570348,0.13807,0.5033
2025-12-31,0.226569,0.569874,0.136641,0.498745
2026-01-02,0.22623,0.570213,0.133912,0.479237
2026-01-05,0.226113,0.569774,0.131287,0.473346
2026-01-06,0.226157,0.569411,0.129216,0.453879
2026-01-07,0.225736,0.568986,0.125318,0.451711
2026-01-08,0.225585,0.568279,0.12243,0.452551
2026-01-09,0.225049,0.566833,0.122722,0.438741
2026-01-12,0.225037,0.566858,0.119132,0.438048
2026-01-13,0.224436,0.567126,0.115599,0.43838
2026-01-14,0.224566,0.567285,0.115694,0.464601
2026-01-15,0.224536,0.567116,0.112778,0.463927
2026-01-16,0.223554,0.566389,0.109467,0.460379
2026-01-20,0.224654,0.566475,0.136927,0.540663
2026-01-21,0.224613,0.565723,0.141983,0.516487
2026-01-22,0.224593,0.566501,0.141104,0.529549
2026-01-23,0.224325,0.565831,0.136874,0.533662
2026-01-26,0.224328,0.566079,0.134101,0.539152
2026-01-27,0.224372,0.566147,0.133008,0.548819
2026-01-28,0.221814,0.564421,0.129668,0.546158
2026-01-29,0.221204,0.561689,0.12601,0.551083
2026-01-30,0.221204,0.561172,0.123933,0.544857
2026-02-02,0.221233,0.561329,0.123815,0.51797
2026-02-03,0.221509,0.561742,0.127612,0.542778
2026-02-04,0.221628,0.560445,0.133301,0.525294
2026-02-05,0.221793,0.56053,0.141032,0.536584
2026-02-06,0.22278,0.558471,0.16181,0.471643
2026-02-09,0.222765,0.558505,0.159061,0.479425
2026-02-10,0.222545,0.558152,0.155798,0.480212
2026-02-11,0.222302,0.558512,0.151064,0.479339
2026-02-12,0.223159,0.558471,0.163167,0.495487
2026-02-13,0.223199,0.558849,0.158819,0.505424
2026-02-17,0.222904,0.558523,0.154194,0.507996
2026-02-18,0.222973,0.558553,0.151599,0.510965
2026-02-19,0.222985,0.558719,0.147365,0.51114
2026-02-20,0.223095,0.559119,0.146151,0.528008
2026-02-23,0.223401,0.558699,0.148568,0.514317
2026-02-24,0.222531,0.558861,0.148121,0.517595
2026-02-25,0.222433,0.559086,0.150374,0.523795
2026-02-26,0.222481,0.559142,0.151798,0.54584
2026-02-27,0.222604,0.560044,0.149812,0.570217
2026-03-02,0.220898,0.558835,0.145446,0.573497
2026-03-03,0.220551,0.55787,0.145744,0.54979
2026-03-04,0.219008,0.555968,0.147963,0.539194
2026-03-05,0.218926,0.556483,0.143827,0.536524
2026-03-06,0.219157,0.556454,0.151395,0.535438
2026-03-09,0.217931,0.557107,0.154262,0.533786
2026-03-10,0.217774,0.557451,0.149615,0.53461
2026-03-11,0.214311,0.555937,0.145273,0.534588
2026-03-12,0.215001,0.555516,0.154275,0.52534
2026-03-13,0.2148,0.555414,0.152934,0.542291
2026-03-16,0.214387,0.555097,0.155082,0.543389
2026-03-17,0.213104,0.555058,0.150649,0.543915
2026-03-18,0.213558,0.555099,0.154221,0.543188
2026-03-19,0.212956,0.554626,0.149926,0.547185
2026-03-20,0.213309,0.554736,0.158287,0.552597
2026-03-23,0.213512,0.554841,0.159279,0.553085
2026-03-24,0.213647,0.555122,0.156563,0.56325
2026-03-25,0.212875,0.554712,0.154162,0.562509
2026-03-26,0.214196,0.554569,0.173552,0.560501
2026-03-27,0.214115,0.553616,0.185446,0.565174
2026-03-30,0.214073,0.553548,0.18138,0.559554
2026-03-31,0.215279,0.55331,0.22082,0.566744
2026-04-01,0.215469,0.553252,0.217799,0.564596
2026-04-02,0.215438,0.552927,0.21123,0.564334
2026-04-06,0.215397,0.55304,0.20578,0.563179
2026-04-07,0.207183,0.552399,0.199637,0.562155
2026-04-08,0.198429,0.562678,0.219453,0.53195
2026-04-09,0.198508,0.562896,0.215111,0.535212
2026-04-10,0.197711,0.561915,0.208599,0.536302
2026-04-13,0.165696,0.557203,0.207626,0.527408
2026-04-14,0.160677,0.560997,0.211345,0.548198
2026-04-15,0.159911,0.562278,0.210001,0.564579
2026-04-16,0.159842,0.562642,0.204023,0.562668
2026-04-17,0.160164,0.562921,0.203338,0.565961
2026-04-20,0.156998,0.559202,0.197784,0.565819
2026-04-21,0.157147,0.558922,0.193001,0.567187
2026-04-22,0.155177,0.559263,0.196648,0.565942
2026-04-23,0.153977,0.560177,0.193452,0.570918
2026-04-24,0.152981,0.559482,0.195997,0.577002
2026-04-27,0.151033,0.560889,0.1906,0.580465
2026-04-28,0.150606,0.558786,0.185687,0.576501
2026-04-29,0.150571,0.55859,0.180094,0.574478
2026-04-30,0.150649,0.557098,0.176772,0.551707
2026-05-01,0.150739,0.557335,0.173485,0.555544
2026-05-04,0.150606,0.554347,0.168788,0.553564
2026-05-05,0.150227,0.555442,0.168599,0.531592
2026-05-06,0.150999,0.555631,0.180318,0.538731
2026-05-07,0.150624,0.556323,0.174875,0.536582
2026-05-08,0.15102,0.55511,0.176698,0.519417
2026-05-11,0.150924,0.554926,0.171388,0.518404
2026-05-12,0.150943,0.554966,0.166333,0.518189
2026-05-13,0.146168,0.552145,0.164608,0.53713
2026-05-14,0.145894,0.550461,0.162614,0.539089
2026-05-15,0.146411,0.548436,0.163516,0.52981
2026-05-18,0.146453,0.548638,0.158709,0.531667
2026-05-19,0.146597,0.549422,0.155796,0.538456
2026-05-20,0.146987,0.548772,0.158351,0.528457
2026-05-21,0.146875,0.548372,0.153777,0.525619
2026-05-22,0.146011,0.550675,0.149484,0.519638
2026-05-26,0.146093,0.550098,0.147234,0.505826
2026-05-27,0.145696,0.548982,0.142801,0.506738
2026-05-28,0.144407,0.547926,0.142788,0.508433
2026-05-29,0.144371,0.54744,0.139795,0.496904
2026-06-01,0.144363,0.547205,0.136574,0.496494
2026-06-02,0.144406,0.54753,0.132729,0.50356
2026-06-03,0.144705,0.549535,0.133463,0.53505
2026-06-04,0.14464,0.550572,0.131396,0.550173
2026-06-05,0.148208,0.548904,0.174621,0.536791
2026-06-08,0.147997,0.548167,0.170068,0.528929
2026-06-09,0.147882,0.547921,0.166733,0.538422
2026-06-10,0.149123,0.547507,0.175959,0.538731
2026-06-11,0.149766,0.54455,0.182222,0.505862
2026-06-12,0.149719,0.543925,0.176979,0.502545
2026-06-15,0.150928,0.545416,0.189675,0.522295
2026-06-16,0.150661,0.545226,0.185623,0.518616
2026-06-17,0.151094,0.547323,0.187521,0.544208
2026-06-18,0.151147,0.548272,0.187852,0.547579
2026-06-22,0.151476,0.550773,0.18513,0.569855
2026-06-23,0.152081,0.549428,0.187095,0.559113
2026-06-24,0.151956,0.550162,0.181786,0.56166
2026-06-25,0.151688,0.55458,0.178021,0.592559
2026-06-26,0.151653,0.554418,0.1734,0.600229
2026-06-29,0.15187,0.554927,0.174368,0.60166
2026-06-30,0.15202,0.555349,0.172573,0.610246
2026-07-01,0.151975,0.555702,0.167422,0.61545
2026-07-02,0.151766,0.555411,0.162514,0.615391
2026-07-06,0.151747,0.554943,0.160928,0.615068
2026-07-07,0.151582,0.554556,0.156481,0.609734
2026-07-08,0.151329,0.554098,0.151743,0.608836
2026-07-09,0.151447,0.553766,0.149949,0.599418
2026-07-10,0.15134,0.553922,0.147132,0.608841
2026-07-13,0.151661,0.553413,0.146564,0.601219
2026-07-14,0.151687,0.553964,0.143363,0.606468
2026-07-15,0.151851,0.55604,0.142801,0.644717
2026-07-16,0.152074,0.556222,0.14109,0.648256
2026-07-17,0.152601,0.556703,0.143943,0.64781
2026-07-20,0.152564,0.556641,0.139595,0.646912
2026-07-21,0.152783,0.555218,0.140452,0.605218
2026-07-22,0.152794,0.555195,0.136348,0.606598
2026-07-23,0.153699,0.560616,0.147025,0.68213
2026-07-24,0.153437,0.561498,0.142561,0.681424
2026-07-27,0.153441,0.561505,0.138269,0.682368
2026-07-28,0.153424,0.561565,0.13415,0.684964
2026-07-29,0.154515,0.558698,0.146467,0.619137
2026-07-30,0.156345,0.557787,0.173031,0.583974
2026-07-31,0.156586,0.560217,0.172089,0.615944
2026-08-03,0.157366,0.564588,0.181257,0.636066
2026-08-04,0.15723,0.558215,0.192458,0.574855
2026-08-05,0.15655,0.557816,0.186683,0.574652
2026-08-06,0.156494,0.557599,0.180996,0.574708
2026-08-07,0.156231,0.556464,0.177341,0.573223
2026-08-10,0.15624,0.556482,0.171964,0.57395
2026-08-11,0.155975,0.556312,0.16782,0.579403
2026-08-12,0.155946,0.556188,0.163001,0.575032
2026-08-13,0.155659,0.557088,0.160899,0.573138
2026-08-14,0.155695,0.556929,0.156267,0.572315
2026-08-17,0.155851,0.557191,0.153175,0.577031
2026-08-18,0.155959,0.557067,0.150361,0.575013
2026-08-19,0.15596,0.557198,0.14609,0.579123
2026-08-20,0.155722,0.556579,0.145419,0.577997
2026-08-21,0.155602,0.555914,0.142,0.571244
2026-08-24,0.15561,0.55579,0.138342,0.569263
2026-08-25,0.154952,0.555428,0.13514,0.572491
2026-08-26,0.154933,0.555865,0.131109,0.572805
2026-08-27,0.155185,0.55806,0.134368,0.613424
2026-08-28,0.155191,0.557958,0.130286,0.612954
2026-08-31,0.155152,0.558199,0.12656,0.614657
2026-09-01,0.154952,0.557599,0.125257,0.603558
2026-09-02,0.154809,0.557424,0.123769,0.606748
2026-09-03,0.154952,0.556663,0.128598,0.626713
2026-09-04,0.1548,0.557227,0.125477,0.635801
2026-09-08,0.154913,0.557225,0.123154,0.640179
2026-09-09,0.154957,0.55732,0.120058,0.640115
2026-09-10,0.155014,0.556345,0.11792,0.620113
2026-09-11,0.154934,0.558628,0.118841,0.615329
2026-09-14,0.15498,0.557944,0.116468,0.601534
2026-09-15,0.155057,0.55779,0.114013,0.604057
2026-09-16,0.154929,0.556773,0.111312,0.597845
2026-09-17,0.15543,0.557252,0.120343,0.599036
2026-09-18,0.155379,0.556952,0.117144,0.595965
2026-09-21,0.156133,0.558002,0.132598,0.60504
2026-09-22,0.156015,0.557477,0.12856,0.605199
2026-09-23,0.156189,0.557094,0.128396,0.610409
2026-09-24,0.155992,0.556024,0.124502,0.610813
2026-09-25,0.155982,0.556221,0.122772,0.611439
2026-09-28,0.156208,0.555881,0.123092,0.598356
2026-09-29,0.156228,0.556101,0.119707,0.602274
2026-09-30,0.156235,0.555809,0.116082,0.600131
