estimator,basket,weight,marginal_contribution_risk,component_risk,risk_share,risk_share_to_weight
Full sample,M7,0.466366,0.290108,0.135297,0.56181,1.20465
Full sample,AI_HI_MOM_HI,0.233634,0.262395,0.0613043,0.254562,1.08958
Full sample,AI_HI_MOM_LO,0.0873874,0.227193,0.0198538,0.0824417,0.943405
Full sample,AI_LO_MOM_HI,0.0744745,0.118154,0.00879946,0.0365392,0.490627
Full sample,AI_LO_MOM_LO,0.138138,0.112703,0.0155686,0.0646477,0.467993
Trailing 252d,M7,0.466366,0.186199,0.0868367,0.555809,1.19179
Trailing 252d,AI_HI_MOM_HI,0.233634,0.224191,0.0523785,0.335255,1.43496
Trailing 252d,AI_HI_MOM_LO,0.0873874,0.150899,0.0131866,0.0844027,0.965846
Trailing 252d,AI_LO_MOM_HI,0.0744745,0.00936224,0.000697248,0.00446282,0.0599242
Trailing 252d,AI_LO_MOM_LO,0.138138,0.0226988,0.00313556,0.0200696,0.145286
EWMA 0.94,M7,0.466366,0.149377,0.0696645,0.600131,1.28682
EWMA 0.94,AI_HI_MOM_HI,0.233634,0.144284,0.0337097,0.290396,1.24295
EWMA 0.94,AI_HI_MOM_LO,0.0873874,0.064462,0.00563317,0.0485274,0.555314
EWMA 0.94,AI_LO_MOM_HI,0.0744745,0.03052,0.00227296,0.0195807,0.262918
EWMA 0.94,AI_LO_MOM_LO,0.138138,0.0347605,0.00480175,0.0413651,0.299447
