quarter_end,names,ai_beta_rank_corr,ai_beta_split_r2,momentum_rank_corr,momentum_split_r2,beta_mkt_rank_corr,beta_mkt_split_r2
2019-03-29,89,0.760861,0.333278,-0.144961,0.0349532,0.85555,0.505816
2019-06-28,89,0.781342,0.371767,-0.273391,0.0875797,0.79651,0.467659
2019-09-30,89,0.746595,0.324444,-0.371076,0.0730117,0.791505,0.434694
2019-12-31,89,0.601771,0.409322,0.280167,0.0793097,0.555346,0.224548
2020-03-31,89,0.524413,0.20016,-0.119408,0.00625681,0.861049,0.508904
2020-06-30,90,0.639346,0.281449,0.449134,0.170116,0.177775,0.0491384
2020-09-30,90,0.625732,0.29216,0.339919,0.124092,0.452377,0.259297
2020-12-31,90,0.68704,0.293189,0.628349,0.298966,0.280273,0.132854
2021-03-31,90,0.589562,0.219545,0.547796,0.151923,0.52027,0.240781
2021-06-30,90,-0.0725275,0.00809967,0.662658,0.371116,0.71529,0.350759
2021-09-30,91,0.453018,0.189875,0.407215,0.0442039,0.821086,0.390111
2021-12-31,91,0.569135,0.260832,0.192324,0.0412329,0.815257,0.421106
2022-03-31,91,0.748176,0.407489,-0.156952,0.0107494,0.924797,0.530517
2022-06-30,91,0.884313,0.583549,-0.645119,0.210216,0.920847,0.572702
2022-09-30,91,0.822535,0.531901,-0.636757,0.328828,0.884408,0.527757
2022-12-30,91,0.82279,0.451156,-0.826724,0.402858,0.8957,0.508014
2023-03-31,91,0.810161,0.408363,-0.325514,0.0836519,0.847635,0.434412
2023-06-30,91,0.808998,0.347086,0.462908,0.168918,0.847969,0.360665
2023-09-29,91,0.755773,0.389795,0.521214,0.145869,0.770903,0.408043
2023-12-29,91,0.837554,0.409696,0.677656,0.328002,0.740946,0.346301
2024-03-28,91,0.820465,0.378181,0.680347,0.301287,0.831231,0.373341
2024-06-28,91,0.826979,0.340637,0.584886,0.196064,0.847619,0.398626
2024-09-30,91,0.721054,0.311457,0.45254,0.0689402,0.822328,0.424469
2024-12-31,91,0.657987,0.267775,0.36681,0.0789493,0.931215,0.547575
2025-03-31,92,0.670222,0.279294,-0.0754435,1.25009e-05,0.876732,0.441112
2025-06-30,92,0.691044,0.275165,0.0616957,0.016438,0.850361,0.475623
2025-09-30,92,0.846909,0.3707,0.24632,0.00779444,0.898032,0.420107
2025-12-31,92,0.812277,0.423204,0.445016,0.109378,0.865527,0.486139
2026-03-31,93,0.713258,0.301642,0.360926,0.0527734,0.857942,0.416569
2026-06-30,93,0.453314,0.134213,0.405732,0.0779712,0.886366,0.454719
