estimator,basket,var_sensitivity,es_sensitivity
Full sample,M7,-0.134442,-0.154025
Full sample,AI_HI_MOM_HI,-0.121599,-0.139312
Full sample,AI_HI_MOM_LO,-0.105286,-0.120622
Full sample,AI_LO_MOM_HI,-0.0547549,-0.0627308
Full sample,AI_LO_MOM_LO,-0.052229,-0.0598369
Trailing 252d,M7,-0.086288,-0.0988572
Trailing 252d,AI_HI_MOM_HI,-0.103894,-0.119028
Trailing 252d,AI_HI_MOM_LO,-0.0699294,-0.0801156
Trailing 252d,AI_LO_MOM_HI,-0.00433864,-0.00497063
Trailing 252d,AI_LO_MOM_LO,-0.0105191,-0.0120513
EWMA 0.94,M7,-0.0692243,-0.0793078
EWMA 0.94,AI_HI_MOM_HI,-0.0668643,-0.076604
EWMA 0.94,AI_HI_MOM_LO,-0.029873,-0.0342244
EWMA 0.94,AI_LO_MOM_HI,-0.0141436,-0.0162038
EWMA 0.94,AI_LO_MOM_LO,-0.0161087,-0.0184551
