scenario,portfolio,M7,AI_HI_MOM_HI,AI_HI_MOM_LO,AI_LO_MOM_HI,AI_LO_MOM_LO,VXUS,TLT,GLD
Sample means,Tangency,0.877907,0.549437,-0.147537,0.703704,0.707481,-2.37559,-0.487041,1.17164
Sample means,"Tangency, long-only",0.334823,4.43214e-18,1.99214e-17,0.27894,0,2.30616e-16,0,0.386238
Sample means,"Long-only, 12% vol",0.144947,0,0,0.234626,0.147352,0,0.133444,0.339631
Sample means,"Long-only, 18% vol",0.469748,2.43958e-16,1.95481e-17,0.190745,1.5664e-17,3.06432e-17,1.11364e-16,0.339506
50% shrinkage,Tangency,0.233891,0.113298,-0.0924688,0.302348,0.37102,-0.531633,0.178043,0.425502
50% shrinkage,"Tangency, long-only",0.122149,1.37481e-17,0,0.225547,0.161296,0,0.172717,0.318292
50% shrinkage,"Long-only, 12% vol",0.144947,1.50453e-17,0,0.234626,0.147352,1.29145e-17,0.133444,0.339631
50% shrinkage,"Long-only, 18% vol",0.469748,0,6.78555e-17,0.190745,0,0,2.145e-16,0.339506
No views,Minimum variance,0.0234109,-0.0292427,-0.0744712,0.171176,0.261057,0.071016,0.395409,0.181646
No views,"Minimum variance, long-only",1.4699e-18,0,0,0.16493,0.239479,0,0.40423,0.191361
