window,model,observations,breaches,breach_pct,green_cutoff,yellow_cutoff,zone,kupiec_p,christoffersen_p,mean_var
2020 Feb-Jun,Rolling 21d,104,17,0.163462,3,6,Red,5.2813e-16,1.25095e-12,-0.189185
2020 Feb-Jun,EWMA 0.72,104,13,0.125,3,6,Red,4.95372e-11,6.12386e-08,-0.183745
2020 Feb-Jun,EWMA 0.93 (calibrated),104,17,0.163462,3,6,Red,5.2813e-16,1.25095e-12,-0.197303
2020 Feb-Jun,"GARCH(1,1)",104,17,0.163462,3,6,Red,5.2813e-16,1.25095e-12,-0.148386
2022,Rolling 21d,251,6,0.0239044,5,10,Yellow,0.0603781,6.54104e-05,-0.109963
2022,EWMA 0.72,251,12,0.0478088,5,10,Red,1.35028e-05,1.15983e-06,-0.107261
2022,EWMA 0.93 (calibrated),251,5,0.0199203,5,10,Green,0.16404,1.25788e-05,-0.109593
2022,"GARCH(1,1)",251,13,0.0517928,5,10,Red,2.41798e-06,1.05299e-07,-0.099065
2025 Feb-Jun,Rolling 21d,102,10,0.0980392,3,6,Red,9.2783e-08,2.45694e-07,-0.108033
2025 Feb-Jun,EWMA 0.72,102,10,0.0980392,3,6,Red,9.2783e-08,0.000379818,-0.0993469
2025 Feb-Jun,EWMA 0.93 (calibrated),102,8,0.0784314,3,6,Red,1.01222e-05,0.000581732,-0.112326
2025 Feb-Jun,"GARCH(1,1)",102,8,0.0784314,3,6,Red,1.01222e-05,0.0115614,-0.0980489
2026 YTD,Rolling 21d,177,0,0,4,8,Green,0.0592656,,-0.059707
2026 YTD,EWMA 0.72,177,0,0,4,8,Green,0.0592656,,-0.0578039
2026 YTD,EWMA 0.93 (calibrated),177,0,0,4,8,Green,0.0592656,,-0.0604884
2026 YTD,"GARCH(1,1)",177,0,0,4,8,Green,0.0592656,,-0.0648958
Full period,Rolling 21d,3195,96,0.0300469,41,55,Red,3.96131e-20,1.14748e-78,-0.0670737
Full period,EWMA 0.72,3195,111,0.0347418,41,55,Red,5.27157e-28,2.69737e-65,-0.0642152
Full period,EWMA 0.93 (calibrated),3195,81,0.0253521,41,55,Red,2.7636e-13,3.38023e-67,-0.068378
Full period,"GARCH(1,1)",3195,75,0.0234742,41,55,Red,7.11904e-11,4.95887e-61,-0.0672709
