refit_date,omega,alpha,beta,persistence
2013-12-31,0.100214,0.164002,0.629238,0.79324
2014-01-31,0.115617,0.148153,0.620026,0.768178
2014-03-04,0.105839,0.154939,0.641483,0.796422
2014-04-02,0.100658,0.137097,0.660211,0.797308
2014-05-02,0.11133,0.161488,0.619176,0.780664
2014-06-03,0.103926,0.154564,0.6337,0.788264
2014-07-02,0.0881059,0.157294,0.656653,0.813947
2014-08-01,0.0923038,0.132038,0.671465,0.803502
2014-09-02,0.0874067,0.134701,0.673238,0.807938
2014-10-01,0.0812682,0.13766,0.685957,0.823617
2014-10-30,0.0740765,0.152721,0.697769,0.85049
2014-12-01,0.0707036,0.164454,0.688689,0.853144
2014-12-31,0.0808622,0.1813,0.658456,0.839756
2015-02-02,0.0708878,0.177144,0.691783,0.868927
2015-03-04,0.0718066,0.182292,0.680807,0.863098
2015-04-02,0.072733,0.174304,0.690154,0.864457
2015-05-04,0.0749743,0.173041,0.684568,0.857609
2015-06-03,0.0751126,0.168401,0.686285,0.854686
2015-07-02,0.0743327,0.146174,0.709832,0.856006
2015-08-03,0.0750747,0.143833,0.710275,0.854108
2015-09-01,0.0859667,0.197179,0.656734,0.853913
2015-10-01,0.0692396,0.17172,0.714329,0.886048
2015-10-30,0.0678991,0.164899,0.722798,0.887696
2015-12-01,0.071248,0.166118,0.715643,0.881761
2015-12-31,0.0707194,0.172094,0.715768,0.887862
2016-02-02,0.0599005,0.173571,0.740154,0.913726
2016-03-03,0.0541909,0.165516,0.758387,0.923903
2016-04-04,0.0542176,0.162553,0.75864,0.921193
2016-05-03,0.0555638,0.164252,0.754404,0.918656
2016-06-02,0.0549368,0.160171,0.757788,0.917959
2016-07-01,0.0669875,0.186499,0.720588,0.907087
2016-08-02,0.0700006,0.19595,0.703952,0.899902
2016-08-31,0.0616675,0.196527,0.714869,0.911396
2016-09-30,0.0734238,0.189067,0.702744,0.891811
2016-10-31,0.0707276,0.189347,0.704236,0.893583
2016-11-30,0.0746675,0.186352,0.699799,0.886151
2016-12-30,0.0733573,0.184856,0.701547,0.886403
2017-02-01,0.0693852,0.185078,0.705997,0.891074
2017-03-03,0.0676079,0.182029,0.710197,0.892226
2017-04-03,0.0658177,0.178972,0.713744,0.892716
2017-05-03,0.0637867,0.180876,0.71406,0.894936
2017-06-02,0.0656166,0.180439,0.710005,0.890444
2017-07-03,0.0633635,0.180554,0.712392,0.892946
2017-08-02,0.0596114,0.182846,0.71539,0.898236
2017-08-31,0.0609465,0.179159,0.715588,0.894747
2017-10-02,0.057952,0.179966,0.718757,0.898723
2017-10-31,0.0535162,0.179884,0.725929,0.905812
2017-11-30,0.0514152,0.179099,0.7297,0.908799
2018-01-02,0.0499791,0.178978,0.730931,0.90991
2018-02-01,0.0493879,0.175154,0.734901,0.910055
2018-03-05,0.0523311,0.194766,0.718416,0.913182
2018-04-04,0.0499689,0.191865,0.728915,0.92078
2018-05-03,0.0499611,0.189268,0.730168,0.919436
2018-06-04,0.0500901,0.187254,0.731697,0.91895
2018-07-03,0.0508424,0.187493,0.728629,0.916123
2018-08-02,0.0507112,0.187021,0.728465,0.915486
2018-08-31,0.0498826,0.186038,0.729688,0.915725
2018-10-02,0.0477428,0.186225,0.732323,0.918549
2018-10-31,0.0507,0.180238,0.737517,0.917754
2018-11-30,0.048241,0.176508,0.746769,0.923277
2019-01-03,0.0462734,0.183972,0.748463,0.932434
2019-02-04,0.0467872,0.182846,0.747812,0.930658
2019-03-06,0.0464262,0.181208,0.748717,0.929925
2019-04-04,0.0473167,0.180677,0.747921,0.928598
2019-05-06,0.0470131,0.180318,0.747741,0.928059
2019-06-05,0.0469418,0.180616,0.750189,0.930805
2019-07-05,0.0471155,0.17808,0.750751,0.928831
2019-08-05,0.0483712,0.185596,0.744196,0.929792
2019-09-04,0.0469684,0.183088,0.749479,0.932567
2019-10-03,0.0487838,0.188401,0.741588,0.929988
2019-11-01,0.0493791,0.189334,0.738869,0.928203
2019-12-03,0.0481845,0.189054,0.740267,0.929321
2020-01-03,0.0477123,0.188039,0.741204,0.929243
2020-02-04,0.0478688,0.188597,0.741174,0.929771
2020-03-05,0.0500913,0.20537,0.728221,0.933591
2020-04-03,0.0492515,0.213208,0.726096,0.939304
2020-05-05,0.0477193,0.208962,0.732403,0.941365
2020-06-04,0.0471244,0.207284,0.734969,0.942252
2020-07-06,0.0431887,0.205625,0.747771,0.953396
2020-08-04,0.0435237,0.204662,0.747219,0.951881
2020-09-02,0.0436899,0.204284,0.747229,0.951514
2020-10-02,0.0448745,0.21253,0.740511,0.953041
2020-11-02,0.0439105,0.211768,0.744489,0.956257
2020-12-02,0.0440178,0.210529,0.744783,0.955312
2021-01-04,0.0441748,0.20863,0.745683,0.954314
2021-02-03,0.0438524,0.20568,0.749691,0.955371
2021-03-05,0.0458111,0.212814,0.741679,0.954493
2021-04-06,0.0456563,0.20966,0.743945,0.953606
2021-05-05,0.0456596,0.20856,0.743997,0.952557
2021-06-04,0.0468128,0.212173,0.739464,0.951638
2021-07-06,0.0472266,0.212331,0.738076,0.950407
2021-08-04,0.0476738,0.212648,0.736939,0.949587
2021-09-02,0.0475332,0.212823,0.736286,0.949109
2021-10-04,0.0475535,0.213887,0.736207,0.950093
2021-11-02,0.0474306,0.211431,0.737482,0.948913
2021-12-02,0.0494548,0.209451,0.736568,0.94602
2022-01-03,0.0496609,0.209048,0.736142,0.94519
2022-02-02,0.0480241,0.20395,0.744169,0.948119
2022-03-04,0.0474203,0.203714,0.745915,0.949629
2022-04-04,0.0467303,0.202654,0.748271,0.950925
2022-05-04,0.0460554,0.205663,0.748733,0.954396
2022-06-03,0.0452674,0.204517,0.751307,0.955825
2022-07-06,0.0453008,0.206073,0.750443,0.956516
2022-08-04,0.0443305,0.203637,0.754476,0.958114
2022-09-02,0.0433923,0.201452,0.758533,0.959984
2022-10-04,0.0423844,0.203142,0.76045,0.963592
2022-11-02,0.0414367,0.200184,0.764426,0.96461
2022-12-02,0.0402406,0.198444,0.768634,0.967078
2023-01-04,0.0398165,0.196353,0.770877,0.96723
2023-02-03,0.0393302,0.194833,0.773139,0.967972
2023-03-07,0.0389531,0.192628,0.775488,0.968116
2023-04-05,0.0388664,0.191837,0.776169,0.968006
2023-05-05,0.0390639,0.190244,0.777484,0.967728
2023-06-06,0.039005,0.188636,0.778444,0.967081
2023-07-07,0.0387823,0.186949,0.779697,0.966646
2023-08-07,0.0386498,0.185892,0.780496,0.966388
2023-09-06,0.0385961,0.18492,0.781138,0.966059
2023-10-05,0.0385428,0.183778,0.782094,0.965872
2023-11-03,0.038453,0.183686,0.782618,0.966304
2023-12-05,0.0387161,0.184501,0.780937,0.965437
2024-01-05,0.0387252,0.183508,0.781505,0.965013
2024-02-06,0.0387606,0.181481,0.78322,0.9647
2024-03-07,0.0383727,0.178602,0.786067,0.964669
2024-04-08,0.0382563,0.177433,0.786842,0.964276
2024-05-07,0.0381848,0.176714,0.787637,0.964351
2024-06-06,0.0381173,0.175739,0.788076,0.963815
2024-07-09,0.0373615,0.175454,0.788775,0.964229
2024-08-07,0.0378862,0.177594,0.787334,0.964928
2024-09-06,0.0379172,0.176655,0.788034,0.964689
2024-10-07,0.0378313,0.175047,0.789034,0.964081
2024-11-05,0.0380696,0.172188,0.791041,0.96323
2024-12-05,0.0385098,0.17404,0.788553,0.962593
2025-01-07,0.0400783,0.17262,0.788295,0.960915
2025-02-07,0.039811,0.171028,0.789791,0.960819
2025-03-11,0.039893,0.171473,0.79,0.961474
2025-04-09,0.0384189,0.176731,0.790967,0.967698
2025-05-09,0.0409756,0.18064,0.783104,0.963744
2025-06-10,0.0380422,0.170616,0.795423,0.966039
2025-07-11,0.0379009,0.170028,0.795766,0.965793
2025-08-11,0.0382592,0.16959,0.795499,0.965089
2025-09-10,0.0380795,0.168385,0.796341,0.964726
2025-10-09,0.0373646,0.168327,0.796938,0.965264
2025-11-07,0.0394471,0.167259,0.795429,0.962688
2025-12-09,0.0396556,0.167704,0.794618,0.962322
2026-01-09,0.0394174,0.166852,0.795367,0.962219
2026-02-10,0.0401438,0.165312,0.795845,0.961156
2026-03-12,0.0400322,0.164374,0.796698,0.961072
2026-04-13,0.0396672,0.163945,0.798023,0.961969
2026-05-12,0.039891,0.163713,0.79749,0.961203
2026-06-11,0.040391,0.162721,0.798135,0.960856
2026-07-14,0.0404317,0.162042,0.798269,0.96031
2026-08-12,0.0406676,0.162017,0.79798,0.959998
2026-09-11,0.0407057,0.162435,0.797253,0.959687
