lambda,qlike,rmse
0.7,-8.58431,0.000157731
0.71,-8.59775,0.000157471
0.72,-8.61053,0.000157223
0.73,-8.62267,0.000156987
0.74,-8.63419,0.000156764
0.75,-8.64512,0.000156554
0.76,-8.65548,0.000156359
0.77,-8.66529,0.000156178
0.78,-8.6746,0.000156013
0.79,-8.68341,0.000155865
0.8,-8.69177,0.000155734
0.81,-8.69968,0.000155623
0.82,-8.70717,0.000155532
0.83,-8.71423,0.000155462
0.84,-8.72088,0.000155415
0.85,-8.7271,0.000155394
0.86,-8.73291,0.000155399
0.87,-8.73829,0.000155435
0.88,-8.74326,0.000155503
0.89,-8.74781,0.000155608
0.9,-8.75189,0.000155753
0.91,-8.75537,0.000155947
0.92,-8.75795,0.000156197
0.93,-8.75916,0.000156516
0.94,-8.75839,0.000156921
0.95,-8.75484,0.00015744
0.96,-8.74748,0.000158106
0.97,-8.73434,0.000158966
0.98,-8.71013,0.000160071
0.99,-8.65868,0.000161584
