window,model,observations,mean_breaches,min_breaches,max_breaches,breach_pct,offsets_passing_kupiec
2020 Feb-Jun,Rolling 21d,10.4,1.7,1,2,0.163462,3
2020 Feb-Jun,EWMA 0.72,10.4,1.3,1,2,0.125,7
2020 Feb-Jun,EWMA 0.93 (calibrated),10.4,1.7,1,2,0.163462,3
2020 Feb-Jun,"GARCH(1,1)",10.4,1.7,1,2,0.163462,3
2022,Rolling 21d,25.1,0.6,0,2,0.0239044,8
2022,EWMA 0.72,25.1,1.2,0,3,0.0478088,7
2022,EWMA 0.93 (calibrated),25.1,0.5,0,1,0.0199203,10
2022,"GARCH(1,1)",25.1,1.3,0,3,0.0517928,7
2025 Feb-Jun,Rolling 21d,10.2,1,0,2,0.0980392,8
2025 Feb-Jun,EWMA 0.72,10.2,1,0,2,0.0980392,8
2025 Feb-Jun,EWMA 0.93 (calibrated),10.2,0.8,0,2,0.0784314,8
2025 Feb-Jun,"GARCH(1,1)",10.2,0.8,0,2,0.0784314,9
2026 YTD,Rolling 21d,17.7,0,0,0,0,10
2026 YTD,EWMA 0.72,17.7,0,0,0,0,10
2026 YTD,EWMA 0.93 (calibrated),17.7,0,0,0,0,10
2026 YTD,"GARCH(1,1)",17.7,0,0,0,0,10
Full period,Rolling 21d,319.5,9.6,6,12,0.0300469,2
Full period,EWMA 0.72,319.5,11.1,6,16,0.0347418,1
Full period,EWMA 0.93 (calibrated),319.5,8.1,5,11,0.0253521,3
Full period,"GARCH(1,1)",319.5,7.5,4,12,0.0234742,5
