ticker,snapshot_date,source
NVDA,2026-08-31,https://www.ishares.com/us/products/239723/ishares-s-p-100-etf/latest-holdings.csv
AAPL,2026-08-31,https://www.ishares.com/us/products/239723/ishares-s-p-100-etf/latest-holdings.csv
MSFT,2026-08-31,https://www.ishares.com/us/products/239723/ishares-s-p-100-etf/latest-holdings.csv
AMZN,2026-08-31,https://www.ishares.com/us/products/239723/ishares-s-p-100-etf/latest-holdings.csv
GOOGL,2026-08-31,https://www.ishares.com/us/products/239723/ishares-s-p-100-etf/latest-holdings.csv
AVGO,2026-08-31,https://www.ishares.com/us/products/239723/ishares-s-p-100-etf/latest-holdings.csv
GOOG,2026-08-31,https://www.ishares.com/us/products/239723/ishares-s-p-100-etf/latest-holdings.csv
META,2026-08-31,https://www.ishares.com/us/products/239723/ishares-s-p-100-etf/latest-holdings.csv
MU,2026-08-31,https://www.ishares.com/us/products/239723/ishares-s-p-100-etf/latest-holdings.csv
TSLA,2026-08-31,https://www.ishares.com/us/products/239723/ishares-s-p-100-etf/latest-holdings.csv
JPM,2026-08-31,https://www.ishares.com/us/products/239723/ishares-s-p-100-etf/latest-holdings.csv
BRK-B,2026-08-31,https://www.ishares.com/us/products/239723/ishares-s-p-100-etf/latest-holdings.csv
LLY,2026-08-31,https://www.ishares.com/us/products/239723/ishares-s-p-100-etf/latest-holdings.csv
AMD,2026-08-31,https://www.ishares.com/us/products/239723/ishares-s-p-100-etf/latest-holdings.csv
XOM,2026-08-31,https://www.ishares.com/us/products/239723/ishares-s-p-100-etf/latest-holdings.csv
JNJ,2026-08-31,https://www.ishares.com/us/products/239723/ishares-s-p-100-etf/latest-holdings.csv
V,2026-08-31,https://www.ishares.com/us/products/239723/ishares-s-p-100-etf/latest-holdings.csv
INTC,2026-08-31,https://www.ishares.com/us/products/239723/ishares-s-p-100-etf/latest-holdings.csv
WMT,2026-08-31,https://www.ishares.com/us/products/239723/ishares-s-p-100-etf/latest-holdings.csv
MA,2026-08-31,https://www.ishares.com/us/products/239723/ishares-s-p-100-etf/latest-holdings.csv
ABBV,2026-08-31,https://www.ishares.com/us/products/239723/ishares-s-p-100-etf/latest-holdings.csv
CSCO,2026-08-31,https://www.ishares.com/us/products/239723/ishares-s-p-100-etf/latest-holdings.csv
BAC,2026-08-31,https://www.ishares.com/us/products/239723/ishares-s-p-100-etf/latest-holdings.csv
COST,2026-08-31,https://www.ishares.com/us/products/239723/ishares-s-p-100-etf/latest-holdings.csv
CVX,2026-08-31,https://www.ishares.com/us/products/239723/ishares-s-p-100-etf/latest-holdings.csv
LRCX,2026-08-31,https://www.ishares.com/us/products/239723/ishares-s-p-100-etf/latest-holdings.csv
PLTR,2026-08-31,https://www.ishares.com/us/products/239723/ishares-s-p-100-etf/latest-holdings.csv
CAT,2026-08-31,https://www.ishares.com/us/products/239723/ishares-s-p-100-etf/latest-holdings.csv
AMAT,2026-08-31,https://www.ishares.com/us/products/239723/ishares-s-p-100-etf/latest-holdings.csv
MRK,2026-08-31,https://www.ishares.com/us/products/239723/ishares-s-p-100-etf/latest-holdings.csv
UNH,2026-08-31,https://www.ishares.com/us/products/239723/ishares-s-p-100-etf/latest-holdings.csv
GE,2026-08-31,https://www.ishares.com/us/products/239723/ishares-s-p-100-etf/latest-holdings.csv
KO,2026-08-31,https://www.ishares.com/us/products/239723/ishares-s-p-100-etf/latest-holdings.csv
PG,2026-08-31,https://www.ishares.com/us/products/239723/ishares-s-p-100-etf/latest-holdings.csv
NFLX,2026-08-31,https://www.ishares.com/us/products/239723/ishares-s-p-100-etf/latest-holdings.csv
HD,2026-08-31,https://www.ishares.com/us/products/239723/ishares-s-p-100-etf/latest-holdings.csv
GS,2026-08-31,https://www.ishares.com/us/products/239723/ishares-s-p-100-etf/latest-holdings.csv
PM,2026-08-31,https://www.ishares.com/us/products/239723/ishares-s-p-100-etf/latest-holdings.csv
WFC,2026-08-31,https://www.ishares.com/us/products/239723/ishares-s-p-100-etf/latest-holdings.csv
ORCL,2026-08-31,https://www.ishares.com/us/products/239723/ishares-s-p-100-etf/latest-holdings.csv
RTX,2026-08-31,https://www.ishares.com/us/products/239723/ishares-s-p-100-etf/latest-holdings.csv
MS,2026-08-31,https://www.ishares.com/us/products/239723/ishares-s-p-100-etf/latest-holdings.csv
GEV,2026-08-31,https://www.ishares.com/us/products/239723/ishares-s-p-100-etf/latest-holdings.csv
TXN,2026-08-31,https://www.ishares.com/us/products/239723/ishares-s-p-100-etf/latest-holdings.csv
C,2026-08-31,https://www.ishares.com/us/products/239723/ishares-s-p-100-etf/latest-holdings.csv
IBM,2026-08-31,https://www.ishares.com/us/products/239723/ishares-s-p-100-etf/latest-holdings.csv
TMO,2026-08-31,https://www.ishares.com/us/products/239723/ishares-s-p-100-etf/latest-holdings.csv
LIN,2026-08-31,https://www.ishares.com/us/products/239723/ishares-s-p-100-etf/latest-holdings.csv
AMGN,2026-08-31,https://www.ishares.com/us/products/239723/ishares-s-p-100-etf/latest-holdings.csv
VZ,2026-08-31,https://www.ishares.com/us/products/239723/ishares-s-p-100-etf/latest-holdings.csv
CRM,2026-08-31,https://www.ishares.com/us/products/239723/ishares-s-p-100-etf/latest-holdings.csv
PEP,2026-08-31,https://www.ishares.com/us/products/239723/ishares-s-p-100-etf/latest-holdings.csv
QCOM,2026-08-31,https://www.ishares.com/us/products/239723/ishares-s-p-100-etf/latest-holdings.csv
ABT,2026-08-31,https://www.ishares.com/us/products/239723/ishares-s-p-100-etf/latest-holdings.csv
DIS,2026-08-31,https://www.ishares.com/us/products/239723/ishares-s-p-100-etf/latest-holdings.csv
GILD,2026-08-31,https://www.ishares.com/us/products/239723/ishares-s-p-100-etf/latest-holdings.csv
MCD,2026-08-31,https://www.ishares.com/us/products/239723/ishares-s-p-100-etf/latest-holdings.csv
T,2026-08-31,https://www.ishares.com/us/products/239723/ishares-s-p-100-etf/latest-holdings.csv
SCHW,2026-08-31,https://www.ishares.com/us/products/239723/ishares-s-p-100-etf/latest-holdings.csv
NEE,2026-08-31,https://www.ishares.com/us/products/239723/ishares-s-p-100-etf/latest-holdings.csv
AXP,2026-08-31,https://www.ishares.com/us/products/239723/ishares-s-p-100-etf/latest-holdings.csv
DE,2026-08-31,https://www.ishares.com/us/products/239723/ishares-s-p-100-etf/latest-holdings.csv
UNP,2026-08-31,https://www.ishares.com/us/products/239723/ishares-s-p-100-etf/latest-holdings.csv
COP,2026-08-31,https://www.ishares.com/us/products/239723/ishares-s-p-100-etf/latest-holdings.csv
BA,2026-08-31,https://www.ishares.com/us/products/239723/ishares-s-p-100-etf/latest-holdings.csv
PFE,2026-08-31,https://www.ishares.com/us/products/239723/ishares-s-p-100-etf/latest-holdings.csv
BLK,2026-08-31,https://www.ishares.com/us/products/239723/ishares-s-p-100-etf/latest-holdings.csv
UBER,2026-08-31,https://www.ishares.com/us/products/239723/ishares-s-p-100-etf/latest-holdings.csv
NOW,2026-08-31,https://www.ishares.com/us/products/239723/ishares-s-p-100-etf/latest-holdings.csv
BKNG,2026-08-31,https://www.ishares.com/us/products/239723/ishares-s-p-100-etf/latest-holdings.csv
COF,2026-08-31,https://www.ishares.com/us/products/239723/ishares-s-p-100-etf/latest-holdings.csv
BMY,2026-08-31,https://www.ishares.com/us/products/239723/ishares-s-p-100-etf/latest-holdings.csv
DHR,2026-08-31,https://www.ishares.com/us/products/239723/ishares-s-p-100-etf/latest-holdings.csv
ISRG,2026-08-31,https://www.ishares.com/us/products/239723/ishares-s-p-100-etf/latest-holdings.csv
CVS,2026-08-31,https://www.ishares.com/us/products/239723/ishares-s-p-100-etf/latest-holdings.csv
MDT,2026-08-31,https://www.ishares.com/us/products/239723/ishares-s-p-100-etf/latest-holdings.csv
SBUX,2026-08-31,https://www.ishares.com/us/products/239723/ishares-s-p-100-etf/latest-holdings.csv
MO,2026-08-31,https://www.ishares.com/us/products/239723/ishares-s-p-100-etf/latest-holdings.csv
BNY,2026-08-31,https://www.ishares.com/us/products/239723/ishares-s-p-100-etf/latest-holdings.csv
LOW,2026-08-31,https://www.ishares.com/us/products/239723/ishares-s-p-100-etf/latest-holdings.csv
ACN,2026-08-31,https://www.ishares.com/us/products/239723/ishares-s-p-100-etf/latest-holdings.csv
LMT,2026-08-31,https://www.ishares.com/us/products/239723/ishares-s-p-100-etf/latest-holdings.csv
ADBE,2026-08-31,https://www.ishares.com/us/products/239723/ishares-s-p-100-etf/latest-holdings.csv
SO,2026-08-31,https://www.ishares.com/us/products/239723/ishares-s-p-100-etf/latest-holdings.csv
USB,2026-08-31,https://www.ishares.com/us/products/239723/ishares-s-p-100-etf/latest-holdings.csv
DUK,2026-08-31,https://www.ishares.com/us/products/239723/ishares-s-p-100-etf/latest-holdings.csv
GD,2026-08-31,https://www.ishares.com/us/products/239723/ishares-s-p-100-etf/latest-holdings.csv
CMCSA,2026-08-31,https://www.ishares.com/us/products/239723/ishares-s-p-100-etf/latest-holdings.csv
INTU,2026-08-31,https://www.ishares.com/us/products/239723/ishares-s-p-100-etf/latest-holdings.csv
MMM,2026-08-31,https://www.ishares.com/us/products/239723/ishares-s-p-100-etf/latest-holdings.csv
EMR,2026-08-31,https://www.ishares.com/us/products/239723/ishares-s-p-100-etf/latest-holdings.csv
TMUS,2026-08-31,https://www.ishares.com/us/products/239723/ishares-s-p-100-etf/latest-holdings.csv
AMT,2026-08-31,https://www.ishares.com/us/products/239723/ishares-s-p-100-etf/latest-holdings.csv
MDLZ,2026-08-31,https://www.ishares.com/us/products/239723/ishares-s-p-100-etf/latest-holdings.csv
GM,2026-08-31,https://www.ishares.com/us/products/239723/ishares-s-p-100-etf/latest-holdings.csv
UPS,2026-08-31,https://www.ishares.com/us/products/239723/ishares-s-p-100-etf/latest-holdings.csv
CL,2026-08-31,https://www.ishares.com/us/products/239723/ishares-s-p-100-etf/latest-holdings.csv
FDX,2026-08-31,https://www.ishares.com/us/products/239723/ishares-s-p-100-etf/latest-holdings.csv
SPG,2026-08-31,https://www.ishares.com/us/products/239723/ishares-s-p-100-etf/latest-holdings.csv
HONA,2026-08-31,https://www.ishares.com/us/products/239723/ishares-s-p-100-etf/latest-holdings.csv
NKE,2026-08-31,https://www.ishares.com/us/products/239723/ishares-s-p-100-etf/latest-holdings.csv
